Using pre-set license
Built from '2022.3/staging' branch; Version is '2022.3.58f1 (ed7f6eacb62e) revision 15564654'; Using compiler version '192829333'; Build Type 'Release'
OS: 'Windows 11  (10.0.26100) 64bit Professional' Language: 'zh' Physical Memory: 31814 MB
BatchMode: 1, IsHumanControllingUs: 0, StartBugReporterOnCrash: 0, Is64bit: 1, IsPro: 1

COMMAND LINE ARGUMENTS:
E:\unity\Editor\2022.3.58f1\Editor\Unity.exe
-adb2
-batchMode
-noUpm
-name
AssetImportWorker2
-projectPath
E:/ExtremeWorld/mmorpg/ExtremeWorld_Learn/Src/Client
-logFile
Logs/AssetImportWorker2.log
-srvPort
5675
Successfully changed project path to: E:/ExtremeWorld/mmorpg/ExtremeWorld_Learn/Src/Client
E:/ExtremeWorld/mmorpg/ExtremeWorld_Learn/Src/Client
[UnityMemory] Configuration Parameters - Can be set up in boot.config
    "memorysetup-bucket-allocator-granularity=16"
    "memorysetup-bucket-allocator-bucket-count=8"
    "memorysetup-bucket-allocator-block-size=33554432"
    "memorysetup-bucket-allocator-block-count=8"
    "memorysetup-main-allocator-block-size=16777216"
    "memorysetup-thread-allocator-block-size=16777216"
    "memorysetup-gfx-main-allocator-block-size=16777216"
    "memorysetup-gfx-thread-allocator-block-size=16777216"
    "memorysetup-cache-allocator-block-size=4194304"
    "memorysetup-typetree-allocator-block-size=2097152"
    "memorysetup-profiler-bucket-allocator-granularity=16"
    "memorysetup-profiler-bucket-allocator-bucket-count=8"
    "memorysetup-profiler-bucket-allocator-block-size=33554432"
    "memorysetup-profiler-bucket-allocator-block-count=8"
    "memorysetup-profiler-allocator-block-size=16777216"
    "memorysetup-profiler-editor-allocator-block-size=1048576"
    "memorysetup-temp-allocator-size-main=16777216"
    "memorysetup-job-temp-allocator-block-size=2097152"
    "memorysetup-job-temp-allocator-block-size-background=1048576"
    "memorysetup-job-temp-allocator-reduction-small-platforms=262144"
    "memorysetup-allocator-temp-initial-block-size-main=262144"
    "memorysetup-allocator-temp-initial-block-size-worker=262144"
    "memorysetup-temp-allocator-size-background-worker=32768"
    "memorysetup-temp-allocator-size-job-worker=262144"
    "memorysetup-temp-allocator-size-preload-manager=33554432"
    "memorysetup-temp-allocator-size-nav-mesh-worker=65536"
    "memorysetup-temp-allocator-size-audio-worker=65536"
    "memorysetup-temp-allocator-size-cloud-worker=32768"
    "memorysetup-temp-allocator-size-gi-baking-worker=262144"
    "memorysetup-temp-allocator-size-gfx=262144"
Player connection [55144]  Target information:

Player connection [55144]  * "[IP] 192.168.206.1 [Port] 0 [Flags] 2 [Guid] 1408687801 [EditorId] 1408687801 [Version] 1048832 [Id] WindowsEditor(7,DESKTOP-65TUFOD) [Debug] 1 [PackageName] WindowsEditor [ProjectName] Editor" 

Player connection [55144]  * "[IP] 192.168.179.1 [Port] 0 [Flags] 2 [Guid] 1408687801 [EditorId] 1408687801 [Version] 1048832 [Id] WindowsEditor(7,DESKTOP-65TUFOD) [Debug] 1 [PackageName] WindowsEditor [ProjectName] Editor" 

Player connection [55144]  * "[IP] 172.25.224.1 [Port] 0 [Flags] 2 [Guid] 1408687801 [EditorId] 1408687801 [Version] 1048832 [Id] WindowsEditor(7,DESKTOP-65TUFOD) [Debug] 1 [PackageName] WindowsEditor [ProjectName] Editor" 

Player connection [55144]  * "[IP] 172.29.0.1 [Port] 0 [Flags] 2 [Guid] 1408687801 [EditorId] 1408687801 [Version] 1048832 [Id] WindowsEditor(7,DESKTOP-65TUFOD) [Debug] 1 [PackageName] WindowsEditor [ProjectName] Editor" 

Player connection [55144]  * "[IP] 10.198.150.14 [Port] 0 [Flags] 2 [Guid] 1408687801 [EditorId] 1408687801 [Version] 1048832 [Id] WindowsEditor(7,DESKTOP-65TUFOD) [Debug] 1 [PackageName] WindowsEditor [ProjectName] Editor" 

Player connection [55144] Host joined multi-casting on [225.0.0.222:54997]...
Player connection [55144] Host joined alternative multi-casting on [225.0.0.222:34997]...
Input System module state changed to: Initialized.
[PhysX] Initialized MultithreadedTaskDispatcher with 24 workers.
Refreshing native plugins compatible for Editor in 16.01 ms, found 2 plugins.
Preloading 0 native plugins for Editor in 0.00 ms.
Initialize engine version: 2022.3.58f1 (ed7f6eacb62e)
[Subsystems] Discovering subsystems at path E:/unity/Editor/2022.3.58f1/Editor/Data/Resources/UnitySubsystems
[Subsystems] Discovering subsystems at path E:/ExtremeWorld/mmorpg/ExtremeWorld_Learn/Src/Client/Assets
GfxDevice: creating device client; threaded=0; jobified=0
Direct3D:
    Version:  Direct3D 11.0 [level 11.1]
    Renderer: NVIDIA GeForce RTX 4080 (ID=0x2704)
    Vendor:   NVIDIA
    VRAM:     16050 MB
    Driver:   32.0.15.6094
Initialize mono
Mono path[0] = 'E:/unity/Editor/2022.3.58f1/Editor/Data/Managed'
Mono path[1] = 'E:/unity/Editor/2022.3.58f1/Editor/Data/MonoBleedingEdge/lib/mono/unityjit-win32'
Mono config path = 'E:/unity/Editor/2022.3.58f1/Editor/Data/MonoBleedingEdge/etc'
Using monoOptions --debugger-agent=transport=dt_socket,embedding=1,server=y,suspend=n,address=127.0.0.1:56820
Begin MonoManager ReloadAssembly
Registering precompiled unity dll's ...
Register platform support module: E:/unity/Editor/2022.3.58f1/Editor/Data/PlaybackEngines/WindowsStandaloneSupport/UnityEditor.WindowsStandalone.Extensions.dll
Registered in 0.003829 seconds.
- Loaded All Assemblies, in  0.204 seconds
Native extension for WindowsStandalone target not found
Mono: successfully reloaded assembly
- Finished resetting the current domain, in  0.157 seconds
Domain Reload Profiling: 360ms
	BeginReloadAssembly (65ms)
		ExecutionOrderSort (0ms)
		DisableScriptedObjects (0ms)
		BackupInstance (0ms)
		ReleaseScriptingObjects (0ms)
		CreateAndSetChildDomain (0ms)
	RebuildCommonClasses (19ms)
	RebuildNativeTypeToScriptingClass (6ms)
	initialDomainReloadingComplete (33ms)
	LoadAllAssembliesAndSetupDomain (80ms)
		LoadAssemblies (63ms)
		RebuildTransferFunctionScriptingTraits (0ms)
		AnalyzeDomain (78ms)
			TypeCache.Refresh (77ms)
				TypeCache.ScanAssembly (69ms)
			ScanForSourceGeneratedMonoScriptInfo (0ms)
			ResolveRequiredComponents (0ms)
	FinalizeReload (157ms)
		ReleaseScriptCaches (0ms)
		RebuildScriptCaches (0ms)
		SetupLoadedEditorAssemblies (130ms)
			LogAssemblyErrors (0ms)
			InitializePlatformSupportModulesInManaged (6ms)
			SetLoadedEditorAssemblies (5ms)
			RefreshPlugins (0ms)
			BeforeProcessingInitializeOnLoad (1ms)
			ProcessInitializeOnLoadAttributes (90ms)
			ProcessInitializeOnLoadMethodAttributes (27ms)
			AfterProcessingInitializeOnLoad (0ms)
			EditorAssembliesLoaded (0ms)
		ExecutionOrderSort2 (0ms)
		AwakeInstancesAfterBackupRestoration (0ms)
========================================================================
Worker process is ready to serve import requests
Caller must complete domain reload
Begin MonoManager ReloadAssembly
Duplicate assembly 'log4net.dll' with different versions detected, using 'Assets/References/log4net.dll, AssemblyName=log4net, Version=2.0.8.0, Culture=neutral, PublicKeyToken=null' and ignoring 'Packages/com.unity.collab-proxy/Lib/Editor/PlasticSCM/log4netPlastic.dll, AssemblyName=log4net, Version=1.2.15.0, Culture=neutral, PublicKeyToken=669e0ddf0bb1aa2a'.Duplicate assembly 'Newtonsoft.Json.dll' with different versions detected, using 'Packages/com.unity.nuget.newtonsoft-json/Runtime/Newtonsoft.Json.dll, AssemblyName=Newtonsoft.Json, Version=13.0.0.0, Culture=neutral, PublicKeyToken=30ad4fe6b2a6aeed' and ignoring 'Assets/JsonDotNet/Assemblies/Standalone/Newtonsoft.Json.dll, AssemblyName=Newtonsoft.Json, Version=8.0.0.0, Culture=neutral, PublicKeyToken=null'.Symbol file LoadedFromMemory is not a mono symbol file
Symbol file LoadedFromMemory is not a mono symbol file
Symbol file LoadedFromMemory is not a mono symbol file
- Loaded All Assemblies, in  0.396 seconds
Native extension for WindowsStandalone target not found
Package Manager log level set to [2]
[Package Manager] Server::EnsureServerProcessIsRunning -- launch failed, reason: Unity was launched with the -noUpm command-line argument
[Package Manager] UpmClient::Send -- Unable to send message (not connected to UPM process).
[Package Manager] Cannot connect to Unity Package Manager local server
Mono: successfully reloaded assembly
- Finished resetting the current domain, in  0.477 seconds
Domain Reload Profiling: 872ms
	BeginReloadAssembly (88ms)
		ExecutionOrderSort (0ms)
		DisableScriptedObjects (3ms)
		BackupInstance (0ms)
		ReleaseScriptingObjects (0ms)
		CreateAndSetChildDomain (16ms)
	RebuildCommonClasses (19ms)
	RebuildNativeTypeToScriptingClass (6ms)
	initialDomainReloadingComplete (25ms)
	LoadAllAssembliesAndSetupDomain (256ms)
		LoadAssemblies (218ms)
		RebuildTransferFunctionScriptingTraits (0ms)
		AnalyzeDomain (87ms)
			TypeCache.Refresh (69ms)
				TypeCache.ScanAssembly (55ms)
			ScanForSourceGeneratedMonoScriptInfo (15ms)
			ResolveRequiredComponents (2ms)
	FinalizeReload (477ms)
		ReleaseScriptCaches (0ms)
		RebuildScriptCaches (0ms)
		SetupLoadedEditorAssemblies (382ms)
			LogAssemblyErrors (0ms)
			InitializePlatformSupportModulesInManaged (5ms)
			SetLoadedEditorAssemblies (4ms)
			RefreshPlugins (0ms)
			BeforeProcessingInitializeOnLoad (52ms)
			ProcessInitializeOnLoadAttributes (230ms)
			ProcessInitializeOnLoadMethodAttributes (88ms)
			AfterProcessingInitializeOnLoad (4ms)
			EditorAssembliesLoaded (0ms)
		ExecutionOrderSort2 (0ms)
		AwakeInstancesAfterBackupRestoration (4ms)
Launched and connected shader compiler UnityShaderCompiler.exe after 0.04 seconds
Refreshing native plugins compatible for Editor in 6.51 ms, found 2 plugins.
Preloading 0 native plugins for Editor in 0.00 ms.
Unloading 2597 Unused Serialized files (Serialized files now loaded: 0)
Unloading 25 unused Assets / (57.3 KB). Loaded Objects now: 3093.
Memory consumption went from 131.4 MB to 131.4 MB.
Total: 5.613800 ms (FindLiveObjects: 0.194000 ms CreateObjectMapping: 0.045800 ms MarkObjects: 5.262900 ms  DeleteObjects: 0.110200 ms)

AssetImportParameters requested are different than current active one (requested -> active):
  custom:video-decoder-webm-vp8: 9c59270c3fd7afecdb556c50c9e8de78 -> 
  custom:SearchIndexIgnoredProperties: e643bd26f0fe6173181afceb89e7c659 -> 
  custom:container-demuxer-ogg: 62fdf1f143b41e24485cea50d1cbac27 -> 
  custom:AudioImporter_EditorPlatform: d09bf68614088b80899f8185d706f6e7 -> 
  custom:video-codec-MediaFoundation-h265: 746d11721c4dcdbdad8f713fa42b33f4 -> 
  custom:scripting/monoscript/fileName/NpcManager.cs: 9f4326f993fd7d51a4d1a73853d4ba31 -> 
  custom:video-decoder-ogg-theora: a1e56fd34408186e4bbccfd4996cb3dc -> 
  custom:scripting/monoscript/fileName/UIWindow.cs: 7db82bcecb4b958f30aed5044bc64212 -> 0e7898ffba56fd4251696ffffdb4e820
  custom:framework-win-MediaFoundation: 216162199b28c13a410421893ffa2e32 -> 
  custom:scripting/monoscript/fileName/UIMiniMap.cs: aa15a4a572f78937c1fa26384619a3de -> 
  custom:video-encoder-webm-vp8: eb34c28f22e8b96e1ab97ce403110664 -> 
  custom:audio-decoder-ogg-vorbis: bf7c407c2cedff20999df2af8eb42d56 -> 
  custom:CustomObjectIndexerAttribute: 9a22284fe3817be447336de3de66b15e -> 
  custom:container-demuxer-webm: 4f35f7cbe854078d1ac9338744f61a02 -> 
  custom:scripting/monoscript/fileName/TestManager.cs: e35120e74bab4bced52d717ecbc68775 -> 
  custom:audio-encoder-webm-vorbis: bf7c407c2cedff20999df2af8eb42d56 -> 
  custom:container-muxer-webm: aa71ff27fc2769a1b78a27578f13a17b -> 
  custom:scripting/monoscript/fileName/GameObjectManager.cs: 9d28bc19d4b44a5e0f0e05ca4ef15caa -> 5b6bf09c65110f6e9277a06c37dc6b07
========================================================================
Received Import Request.
  Time since last request: 37846.501459 seconds.
  path: Assets/UI/Prefabs
  artifactKey: Guid(18efa12ca54eae64893fd8129bc0f516) Importer(815301076,1909f56bfc062723c751e8b465ee728b)
Start importing Assets/UI/Prefabs using Guid(18efa12ca54eae64893fd8129bc0f516) Importer(815301076,1909f56bfc062723c751e8b465ee728b) [PhysX] Initialized MultithreadedTaskDispatcher with 24 workers.
 -> (artifact id: '165b547b0b0190eb1f23d184dd971163') in 0.002128 seconds
Number of updated asset objects reloaded before import = 0
Number of asset objects unloaded after import = 0
========================================================================
Received Import Request.
  Time since last request: 104.258380 seconds.
  path: Assets/Resources/UI/Items/equip3014.png
  artifactKey: Guid(03b1d03b437d5c04da6ee0a1ee10d72f) Importer(815301076,1909f56bfc062723c751e8b465ee728b)
Start importing Assets/Resources/UI/Items/equip3014.png using Guid(03b1d03b437d5c04da6ee0a1ee10d72f) Importer(815301076,1909f56bfc062723c751e8b465ee728b) [PhysX] Initialized MultithreadedTaskDispatcher with 24 workers.
[PhysX] Initialized MultithreadedTaskDispatcher with 24 workers.
 -> (artifact id: 'cf7fcdd353e63b7f7efc695a502590b9') in 0.075257 seconds
Number of updated asset objects reloaded before import = 0
Number of asset objects unloaded after import = 3
========================================================================
Received Import Request.
  Time since last request: 0.000020 seconds.
  path: Assets/Resources/UI/Items/haixiant.png
  artifactKey: Guid(f98d24c97a0487b4c9409d5af76481cd) Importer(815301076,1909f56bfc062723c751e8b465ee728b)
Start importing Assets/Resources/UI/Items/haixiant.png using Guid(f98d24c97a0487b4c9409d5af76481cd) Importer(815301076,1909f56bfc062723c751e8b465ee728b) [PhysX] Initialized MultithreadedTaskDispatcher with 24 workers.
[PhysX] Initialized MultithreadedTaskDispatcher with 24 workers.
 -> (artifact id: '5f1cd92e94a9cbb274eed86b49fde6f2') in 0.014169 seconds
Number of updated asset objects reloaded before import = 0
Number of asset objects unloaded after import = 3
========================================================================
Received Import Request.
  Time since last request: 35.721262 seconds.
  path: Assets/UI/Prefabs/UIBagItem.prefab
  artifactKey: Guid(727339bfd1dde3940a1b4e8cbc739f01) Importer(815301076,1909f56bfc062723c751e8b465ee728b)
Start importing Assets/UI/Prefabs/UIBagItem.prefab using Guid(727339bfd1dde3940a1b4e8cbc739f01) Importer(815301076,1909f56bfc062723c751e8b465ee728b) [PhysX] Initialized MultithreadedTaskDispatcher with 24 workers.
 -> (artifact id: 'f5fa18407e540f740159546884992459') in 0.008827 seconds
Number of updated asset objects reloaded before import = 0
Number of asset objects unloaded after import = 13
========================================================================
Received Import Request.
  Time since last request: 5.760846 seconds.
  path: Assets/UI/Prefabs/UIBagItem.prefab
  artifactKey: Guid(727339bfd1dde3940a1b4e8cbc739f01) Importer(815301076,1909f56bfc062723c751e8b465ee728b)
Start importing Assets/UI/Prefabs/UIBagItem.prefab using Guid(727339bfd1dde3940a1b4e8cbc739f01) Importer(815301076,1909f56bfc062723c751e8b465ee728b) [PhysX] Initialized MultithreadedTaskDispatcher with 24 workers.
 -> (artifact id: 'b925c78de0948c1e8cb7f8f3e18e8048') in 0.001648 seconds
Number of updated asset objects reloaded before import = 0
Number of asset objects unloaded after import = 12
========================================================================
Received Import Request.
  Time since last request: 65.747003 seconds.
  path: Assets/Resources/UI/UIBag.prefab
  artifactKey: Guid(8d28a9cab2d06ff43b34557239828d21) Importer(815301076,1909f56bfc062723c751e8b465ee728b)
Start importing Assets/Resources/UI/UIBag.prefab using Guid(8d28a9cab2d06ff43b34557239828d21) Importer(815301076,1909f56bfc062723c751e8b465ee728b) [PhysX] Initialized MultithreadedTaskDispatcher with 24 workers.
 -> (artifact id: '5b3c418e593d915b23c4d223dc9e6e7d') in 0.009612 seconds
Number of updated asset objects reloaded before import = 0
Number of asset objects unloaded after import = 386
========================================================================
Received Import Request.
  Time since last request: 20.259111 seconds.
  path: Assets/Levels/MainCity/Models/build/stsm_build_chengmen_002.FBX
  artifactKey: Guid(6f1444de23927be43886b7538b61c18d) Importer(815301076,1909f56bfc062723c751e8b465ee728b)
Start importing Assets/Levels/MainCity/Models/build/stsm_build_chengmen_002.FBX using Guid(6f1444de23927be43886b7538b61c18d) Importer(815301076,1909f56bfc062723c751e8b465ee728b) [PhysX] Initialized MultithreadedTaskDispatcher with 24 workers.
[PhysX] Initialized MultithreadedTaskDispatcher with 24 workers.
[PhysX] Initialized MultithreadedTaskDispatcher with 24 workers.
 -> (artifact id: 'c20ac5529feb986bdcb9ec337952ef7c') in 0.041925 seconds
Number of updated asset objects reloaded before import = 0
Number of asset objects unloaded after import = 9
========================================================================
Received Import Request.
  Time since last request: 3.899604 seconds.
  path: Assets/Resources/UI/UIBag.prefab
  artifactKey: Guid(8d28a9cab2d06ff43b34557239828d21) Importer(815301076,1909f56bfc062723c751e8b465ee728b)
Start importing Assets/Resources/UI/UIBag.prefab using Guid(8d28a9cab2d06ff43b34557239828d21) Importer(815301076,1909f56bfc062723c751e8b465ee728b) [PhysX] Initialized MultithreadedTaskDispatcher with 24 workers.
 -> (artifact id: 'd1a050baf5174d694836fc9d3c6b9d26') in 0.006141 seconds
Number of updated asset objects reloaded before import = 0
Number of asset objects unloaded after import = 397
========================================================================
Received Import Request.
  Time since last request: 26.680345 seconds.
  path: Assets/UI/Prefabs/UIBagItem.prefab
  artifactKey: Guid(727339bfd1dde3940a1b4e8cbc739f01) Importer(815301076,1909f56bfc062723c751e8b465ee728b)
Start importing Assets/UI/Prefabs/UIBagItem.prefab using Guid(727339bfd1dde3940a1b4e8cbc739f01) Importer(815301076,1909f56bfc062723c751e8b465ee728b) [PhysX] Initialized MultithreadedTaskDispatcher with 24 workers.
 -> (artifact id: 'b90b8d6e7cc008c1e5c6ec6dd46d0f59') in 0.001873 seconds
Number of updated asset objects reloaded before import = 0
Number of asset objects unloaded after import = 13
========================================================================
Received Import Request.
  Time since last request: 128.676494 seconds.
  path: Assets/UI/Prefabs/UIShopItem.prefab
  artifactKey: Guid(aca6259867dde50479529b96dfee7f69) Importer(815301076,1909f56bfc062723c751e8b465ee728b)
Start importing Assets/UI/Prefabs/UIShopItem.prefab using Guid(aca6259867dde50479529b96dfee7f69) Importer(815301076,1909f56bfc062723c751e8b465ee728b) [PhysX] Initialized MultithreadedTaskDispatcher with 24 workers.
 -> (artifact id: '2cc6c43a8c853dd228491c1561dd2d5f') in 0.009122 seconds
Number of updated asset objects reloaded before import = 0
Number of asset objects unloaded after import = 43
========================================================================
Received Import Request.
  Time since last request: 93.932436 seconds.
  path: Assets/Resources/UI/Items/baoxiang.png
  artifactKey: Guid(8e24f3cbb8aed0549a9e0a5e6328dd3e) Importer(815301076,1909f56bfc062723c751e8b465ee728b)
Start importing Assets/Resources/UI/Items/baoxiang.png using Guid(8e24f3cbb8aed0549a9e0a5e6328dd3e) Importer(815301076,1909f56bfc062723c751e8b465ee728b) [PhysX] Initialized MultithreadedTaskDispatcher with 24 workers.
[PhysX] Initialized MultithreadedTaskDispatcher with 24 workers.
 -> (artifact id: '09c3bdc2e1a4adb558a296f55fffb2a5') in 0.008123 seconds
Number of updated asset objects reloaded before import = 0
Number of asset objects unloaded after import = 3
========================================================================
Received Import Request.
  Time since last request: 0.022229 seconds.
  path: Assets/Resources/UI/Items/equip1002.png
  artifactKey: Guid(37cf6c8fb06f7224091d646c163c0f63) Importer(815301076,1909f56bfc062723c751e8b465ee728b)
Start importing Assets/Resources/UI/Items/equip1002.png using Guid(37cf6c8fb06f7224091d646c163c0f63) Importer(815301076,1909f56bfc062723c751e8b465ee728b) [PhysX] Initialized MultithreadedTaskDispatcher with 24 workers.
[PhysX] Initialized MultithreadedTaskDispatcher with 24 workers.
 -> (artifact id: 'e99da24ca2cfca6943bf61739b7b20c5') in 0.011887 seconds
Number of updated asset objects reloaded before import = 0
Number of asset objects unloaded after import = 3
========================================================================
Received Import Request.
  Time since last request: 0.000014 seconds.
  path: Assets/Resources/UI/Items/equip1001.png
  artifactKey: Guid(6013bd4438187594a882c58e28d9db8e) Importer(815301076,1909f56bfc062723c751e8b465ee728b)
Start importing Assets/Resources/UI/Items/equip1001.png using Guid(6013bd4438187594a882c58e28d9db8e) Importer(815301076,1909f56bfc062723c751e8b465ee728b) [PhysX] Initialized MultithreadedTaskDispatcher with 24 workers.
[PhysX] Initialized MultithreadedTaskDispatcher with 24 workers.
 -> (artifact id: '09a6b3ce350223bbf5ea3cc02efed7af') in 0.013658 seconds
Number of updated asset objects reloaded before import = 0
Number of asset objects unloaded after import = 3
========================================================================
Received Import Request.
  Time since last request: 0.000025 seconds.
  path: Assets/Resources/UI/Items/daqiandai.png
  artifactKey: Guid(b8004d3f231a9cb49a3d4dcf2e3d7e0d) Importer(815301076,1909f56bfc062723c751e8b465ee728b)
Start importing Assets/Resources/UI/Items/daqiandai.png using Guid(b8004d3f231a9cb49a3d4dcf2e3d7e0d) Importer(815301076,1909f56bfc062723c751e8b465ee728b) [PhysX] Initialized MultithreadedTaskDispatcher with 24 workers.
[PhysX] Initialized MultithreadedTaskDispatcher with 24 workers.
 -> (artifact id: '55ae42c398feb3c0038db9801006060e') in 0.006512 seconds
Number of updated asset objects reloaded before import = 0
Number of asset objects unloaded after import = 3
========================================================================
Received Prepare
Caller must complete domain reload
Begin MonoManager ReloadAssembly
Duplicate assembly 'log4net.dll' with different versions detected, using 'Assets/References/log4net.dll, AssemblyName=log4net, Version=2.0.8.0, Culture=neutral, PublicKeyToken=null' and ignoring 'Packages/com.unity.collab-proxy/Lib/Editor/PlasticSCM/log4netPlastic.dll, AssemblyName=log4net, Version=1.2.15.0, Culture=neutral, PublicKeyToken=669e0ddf0bb1aa2a'.Duplicate assembly 'Newtonsoft.Json.dll' with different versions detected, using 'Packages/com.unity.nuget.newtonsoft-json/Runtime/Newtonsoft.Json.dll, AssemblyName=Newtonsoft.Json, Version=13.0.0.0, Culture=neutral, PublicKeyToken=30ad4fe6b2a6aeed' and ignoring 'Assets/JsonDotNet/Assemblies/Standalone/Newtonsoft.Json.dll, AssemblyName=Newtonsoft.Json, Version=8.0.0.0, Culture=neutral, PublicKeyToken=null'.Symbol file LoadedFromMemory is not a mono symbol file
Symbol file LoadedFromMemory is not a mono symbol file
Symbol file LoadedFromMemory is not a mono symbol file
- Loaded All Assemblies, in  0.407 seconds
Native extension for WindowsStandalone target not found
[Package Manager] Server::EnsureServerProcessIsRunning -- launch failed, reason: Unity was launched with the -noUpm command-line argument
[Package Manager] UpmClient::Send -- Unable to send message (not connected to UPM process).
[Package Manager] Cannot connect to Unity Package Manager local server
Mono: successfully reloaded assembly
- Finished resetting the current domain, in  0.658 seconds
Domain Reload Profiling: 1064ms
	BeginReloadAssembly (109ms)
		ExecutionOrderSort (0ms)
		DisableScriptedObjects (3ms)
		BackupInstance (0ms)
		ReleaseScriptingObjects (0ms)
		CreateAndSetChildDomain (37ms)
	RebuildCommonClasses (20ms)
	RebuildNativeTypeToScriptingClass (7ms)
	initialDomainReloadingComplete (20ms)
	LoadAllAssembliesAndSetupDomain (249ms)
		LoadAssemblies (276ms)
		RebuildTransferFunctionScriptingTraits (0ms)
		AnalyzeDomain (19ms)
			TypeCache.Refresh (10ms)
				TypeCache.ScanAssembly (3ms)
			ScanForSourceGeneratedMonoScriptInfo (5ms)
			ResolveRequiredComponents (3ms)
	FinalizeReload (659ms)
		ReleaseScriptCaches (0ms)
		RebuildScriptCaches (0ms)
		SetupLoadedEditorAssemblies (371ms)
			LogAssemblyErrors (0ms)
			InitializePlatformSupportModulesInManaged (4ms)
			SetLoadedEditorAssemblies (3ms)
			RefreshPlugins (0ms)
			BeforeProcessingInitializeOnLoad (58ms)
			ProcessInitializeOnLoadAttributes (214ms)
			ProcessInitializeOnLoadMethodAttributes (89ms)
			AfterProcessingInitializeOnLoad (4ms)
			EditorAssembliesLoaded (0ms)
		ExecutionOrderSort2 (0ms)
		AwakeInstancesAfterBackupRestoration (5ms)
Refreshing native plugins compatible for Editor in 7.23 ms, found 2 plugins.
Preloading 0 native plugins for Editor in 0.00 ms.
Unloading 2566 Unused Serialized files (Serialized files now loaded: 0)
Unloading 19 unused Assets / (30.8 KB). Loaded Objects now: 3115.
Memory consumption went from 129.9 MB to 129.9 MB.
Total: 4.991400 ms (FindLiveObjects: 0.174800 ms CreateObjectMapping: 0.042900 ms MarkObjects: 4.727900 ms  DeleteObjects: 0.045000 ms)

Prepare: number of updated asset objects reloaded= 0
AssetImportParameters requested are different than current active one (requested -> active):
  custom:video-decoder-webm-vp8: 9c59270c3fd7afecdb556c50c9e8de78 -> 
  custom:SearchIndexIgnoredProperties: e643bd26f0fe6173181afceb89e7c659 -> 
  custom:container-demuxer-ogg: 62fdf1f143b41e24485cea50d1cbac27 -> 
  custom:AudioImporter_EditorPlatform: d09bf68614088b80899f8185d706f6e7 -> 
  custom:video-codec-MediaFoundation-h265: 746d11721c4dcdbdad8f713fa42b33f4 -> 
  custom:scripting/monoscript/fileName/NpcManager.cs: 9f4326f993fd7d51a4d1a73853d4ba31 -> 
  custom:video-decoder-ogg-theora: a1e56fd34408186e4bbccfd4996cb3dc -> 
  custom:scripting/monoscript/fileName/UIWindow.cs: 7db82bcecb4b958f30aed5044bc64212 -> 0e7898ffba56fd4251696ffffdb4e820
  custom:framework-win-MediaFoundation: 216162199b28c13a410421893ffa2e32 -> 
  custom:scripting/monoscript/fileName/UIMiniMap.cs: aa15a4a572f78937c1fa26384619a3de -> 
  custom:video-encoder-webm-vp8: eb34c28f22e8b96e1ab97ce403110664 -> 
  custom:audio-decoder-ogg-vorbis: bf7c407c2cedff20999df2af8eb42d56 -> 
  custom:CustomObjectIndexerAttribute: 9a22284fe3817be447336de3de66b15e -> 
  custom:container-demuxer-webm: 4f35f7cbe854078d1ac9338744f61a02 -> 
  custom:scripting/monoscript/fileName/TestManager.cs: e35120e74bab4bced52d717ecbc68775 -> 
  custom:audio-encoder-webm-vorbis: bf7c407c2cedff20999df2af8eb42d56 -> 
  custom:container-muxer-webm: aa71ff27fc2769a1b78a27578f13a17b -> 
  custom:scripting/monoscript/fileName/GameObjectManager.cs: 9d28bc19d4b44a5e0f0e05ca4ef15caa -> 5b6bf09c65110f6e9277a06c37dc6b07
========================================================================
Received Prepare
Caller must complete domain reload
Begin MonoManager ReloadAssembly
Duplicate assembly 'log4net.dll' with different versions detected, using 'Assets/References/log4net.dll, AssemblyName=log4net, Version=2.0.8.0, Culture=neutral, PublicKeyToken=null' and ignoring 'Packages/com.unity.collab-proxy/Lib/Editor/PlasticSCM/log4netPlastic.dll, AssemblyName=log4net, Version=1.2.15.0, Culture=neutral, PublicKeyToken=669e0ddf0bb1aa2a'.Duplicate assembly 'Newtonsoft.Json.dll' with different versions detected, using 'Packages/com.unity.nuget.newtonsoft-json/Runtime/Newtonsoft.Json.dll, AssemblyName=Newtonsoft.Json, Version=13.0.0.0, Culture=neutral, PublicKeyToken=30ad4fe6b2a6aeed' and ignoring 'Assets/JsonDotNet/Assemblies/Standalone/Newtonsoft.Json.dll, AssemblyName=Newtonsoft.Json, Version=8.0.0.0, Culture=neutral, PublicKeyToken=null'.Symbol file LoadedFromMemory is not a mono symbol file
Symbol file LoadedFromMemory is not a mono symbol file
Symbol file LoadedFromMemory is not a mono symbol file
- Loaded All Assemblies, in  0.376 seconds
Native extension for WindowsStandalone target not found
[Package Manager] Server::EnsureServerProcessIsRunning -- launch failed, reason: Unity was launched with the -noUpm command-line argument
[Package Manager] UpmClient::Send -- Unable to send message (not connected to UPM process).
[Package Manager] Cannot connect to Unity Package Manager local server
Mono: successfully reloaded assembly
- Finished resetting the current domain, in  0.764 seconds
Domain Reload Profiling: 1136ms
	BeginReloadAssembly (119ms)
		ExecutionOrderSort (0ms)
		DisableScriptedObjects (5ms)
		BackupInstance (0ms)
		ReleaseScriptingObjects (0ms)
		CreateAndSetChildDomain (31ms)
	RebuildCommonClasses (28ms)
	RebuildNativeTypeToScriptingClass (7ms)
	initialDomainReloadingComplete (25ms)
	LoadAllAssembliesAndSetupDomain (193ms)
		LoadAssemblies (242ms)
		RebuildTransferFunctionScriptingTraits (0ms)
		AnalyzeDomain (10ms)
			TypeCache.Refresh (4ms)
				TypeCache.ScanAssembly (0ms)
			ScanForSourceGeneratedMonoScriptInfo (0ms)
			ResolveRequiredComponents (4ms)
	FinalizeReload (764ms)
		ReleaseScriptCaches (0ms)
		RebuildScriptCaches (0ms)
		SetupLoadedEditorAssemblies (465ms)
			LogAssemblyErrors (0ms)
			InitializePlatformSupportModulesInManaged (4ms)
			SetLoadedEditorAssemblies (3ms)
			RefreshPlugins (0ms)
			BeforeProcessingInitializeOnLoad (56ms)
			ProcessInitializeOnLoadAttributes (281ms)
			ProcessInitializeOnLoadMethodAttributes (116ms)
			AfterProcessingInitializeOnLoad (6ms)
			EditorAssembliesLoaded (0ms)
		ExecutionOrderSort2 (0ms)
		AwakeInstancesAfterBackupRestoration (6ms)
Refreshing native plugins compatible for Editor in 9.92 ms, found 2 plugins.
Preloading 0 native plugins for Editor in 0.00 ms.
Unloading 2567 Unused Serialized files (Serialized files now loaded: 0)
Unloading 16 unused Assets / (28.5 KB). Loaded Objects now: 3118.
Memory consumption went from 130.1 MB to 130.1 MB.
Total: 6.038200 ms (FindLiveObjects: 0.430300 ms CreateObjectMapping: 0.309800 ms MarkObjects: 5.260000 ms  DeleteObjects: 0.037300 ms)

Prepare: number of updated asset objects reloaded= 0
AssetImportParameters requested are different than current active one (requested -> active):
  custom:video-decoder-webm-vp8: 9c59270c3fd7afecdb556c50c9e8de78 -> 
  custom:SearchIndexIgnoredProperties: e643bd26f0fe6173181afceb89e7c659 -> 
  custom:container-demuxer-ogg: 62fdf1f143b41e24485cea50d1cbac27 -> 
  custom:AudioImporter_EditorPlatform: d09bf68614088b80899f8185d706f6e7 -> 
  custom:video-codec-MediaFoundation-h265: 746d11721c4dcdbdad8f713fa42b33f4 -> 
  custom:scripting/monoscript/fileName/NpcManager.cs: 9f4326f993fd7d51a4d1a73853d4ba31 -> 
  custom:video-decoder-ogg-theora: a1e56fd34408186e4bbccfd4996cb3dc -> 
  custom:scripting/monoscript/fileName/UIWindow.cs: 7db82bcecb4b958f30aed5044bc64212 -> 0e7898ffba56fd4251696ffffdb4e820
  custom:framework-win-MediaFoundation: 216162199b28c13a410421893ffa2e32 -> 
  custom:scripting/monoscript/fileName/UIMiniMap.cs: aa15a4a572f78937c1fa26384619a3de -> 
  custom:video-encoder-webm-vp8: eb34c28f22e8b96e1ab97ce403110664 -> 
  custom:audio-decoder-ogg-vorbis: bf7c407c2cedff20999df2af8eb42d56 -> 
  custom:CustomObjectIndexerAttribute: 9a22284fe3817be447336de3de66b15e -> 
  custom:container-demuxer-webm: 4f35f7cbe854078d1ac9338744f61a02 -> 
  custom:scripting/monoscript/fileName/TestManager.cs: e35120e74bab4bced52d717ecbc68775 -> 
  custom:audio-encoder-webm-vorbis: bf7c407c2cedff20999df2af8eb42d56 -> 
  custom:container-muxer-webm: aa71ff27fc2769a1b78a27578f13a17b -> 
  custom:scripting/monoscript/fileName/GameObjectManager.cs: 9d28bc19d4b44a5e0f0e05ca4ef15caa -> 5b6bf09c65110f6e9277a06c37dc6b07
========================================================================
Received Prepare
Caller must complete domain reload
Begin MonoManager ReloadAssembly
Duplicate assembly 'log4net.dll' with different versions detected, using 'Assets/References/log4net.dll, AssemblyName=log4net, Version=2.0.8.0, Culture=neutral, PublicKeyToken=null' and ignoring 'Packages/com.unity.collab-proxy/Lib/Editor/PlasticSCM/log4netPlastic.dll, AssemblyName=log4net, Version=1.2.15.0, Culture=neutral, PublicKeyToken=669e0ddf0bb1aa2a'.Duplicate assembly 'Newtonsoft.Json.dll' with different versions detected, using 'Packages/com.unity.nuget.newtonsoft-json/Runtime/Newtonsoft.Json.dll, AssemblyName=Newtonsoft.Json, Version=13.0.0.0, Culture=neutral, PublicKeyToken=30ad4fe6b2a6aeed' and ignoring 'Assets/JsonDotNet/Assemblies/Standalone/Newtonsoft.Json.dll, AssemblyName=Newtonsoft.Json, Version=8.0.0.0, Culture=neutral, PublicKeyToken=null'.Symbol file LoadedFromMemory is not a mono symbol file
Symbol file LoadedFromMemory is not a mono symbol file
Symbol file LoadedFromMemory is not a mono symbol file
- Loaded All Assemblies, in  0.383 seconds
Native extension for WindowsStandalone target not found
[Package Manager] Server::EnsureServerProcessIsRunning -- launch failed, reason: Unity was launched with the -noUpm command-line argument
[Package Manager] UpmClient::Send -- Unable to send message (not connected to UPM process).
[Package Manager] Cannot connect to Unity Package Manager local server
Mono: successfully reloaded assembly
- Finished resetting the current domain, in  0.759 seconds
Domain Reload Profiling: 1139ms
	BeginReloadAssembly (118ms)
		ExecutionOrderSort (0ms)
		DisableScriptedObjects (3ms)
		BackupInstance (0ms)
		ReleaseScriptingObjects (0ms)
		CreateAndSetChildDomain (32ms)
	RebuildCommonClasses (30ms)
	RebuildNativeTypeToScriptingClass (8ms)
	initialDomainReloadingComplete (25ms)
	LoadAllAssembliesAndSetupDomain (199ms)
		LoadAssemblies (250ms)
		RebuildTransferFunctionScriptingTraits (0ms)
		AnalyzeDomain (7ms)
			TypeCache.Refresh (3ms)
				TypeCache.ScanAssembly (0ms)
			ScanForSourceGeneratedMonoScriptInfo (0ms)
			ResolveRequiredComponents (3ms)
	FinalizeReload (760ms)
		ReleaseScriptCaches (0ms)
		RebuildScriptCaches (0ms)
		SetupLoadedEditorAssemblies (458ms)
			LogAssemblyErrors (0ms)
			InitializePlatformSupportModulesInManaged (5ms)
			SetLoadedEditorAssemblies (4ms)
			RefreshPlugins (0ms)
			BeforeProcessingInitializeOnLoad (62ms)
			ProcessInitializeOnLoadAttributes (267ms)
			ProcessInitializeOnLoadMethodAttributes (114ms)
			AfterProcessingInitializeOnLoad (5ms)
			EditorAssembliesLoaded (0ms)
		ExecutionOrderSort2 (0ms)
		AwakeInstancesAfterBackupRestoration (7ms)
Refreshing native plugins compatible for Editor in 10.54 ms, found 2 plugins.
Preloading 0 native plugins for Editor in 0.00 ms.
Unloading 2567 Unused Serialized files (Serialized files now loaded: 0)
Unloading 16 unused Assets / (28.5 KB). Loaded Objects now: 3121.
Memory consumption went from 130.1 MB to 130.1 MB.
Total: 5.904200 ms (FindLiveObjects: 0.324400 ms CreateObjectMapping: 0.112500 ms MarkObjects: 5.422400 ms  DeleteObjects: 0.043700 ms)

Prepare: number of updated asset objects reloaded= 0
AssetImportParameters requested are different than current active one (requested -> active):
  custom:video-decoder-webm-vp8: 9c59270c3fd7afecdb556c50c9e8de78 -> 
  custom:SearchIndexIgnoredProperties: e643bd26f0fe6173181afceb89e7c659 -> 
  custom:container-demuxer-ogg: 62fdf1f143b41e24485cea50d1cbac27 -> 
  custom:AudioImporter_EditorPlatform: d09bf68614088b80899f8185d706f6e7 -> 
  custom:video-codec-MediaFoundation-h265: 746d11721c4dcdbdad8f713fa42b33f4 -> 
  custom:scripting/monoscript/fileName/NpcManager.cs: 9f4326f993fd7d51a4d1a73853d4ba31 -> 
  custom:video-decoder-ogg-theora: a1e56fd34408186e4bbccfd4996cb3dc -> 
  custom:scripting/monoscript/fileName/UIWindow.cs: 7db82bcecb4b958f30aed5044bc64212 -> 0e7898ffba56fd4251696ffffdb4e820
  custom:framework-win-MediaFoundation: 216162199b28c13a410421893ffa2e32 -> 
  custom:scripting/monoscript/fileName/UIMiniMap.cs: aa15a4a572f78937c1fa26384619a3de -> 
  custom:video-encoder-webm-vp8: eb34c28f22e8b96e1ab97ce403110664 -> 
  custom:audio-decoder-ogg-vorbis: bf7c407c2cedff20999df2af8eb42d56 -> 
  custom:CustomObjectIndexerAttribute: 9a22284fe3817be447336de3de66b15e -> 
  custom:container-demuxer-webm: 4f35f7cbe854078d1ac9338744f61a02 -> 
  custom:scripting/monoscript/fileName/TestManager.cs: e35120e74bab4bced52d717ecbc68775 -> 
  custom:audio-encoder-webm-vorbis: bf7c407c2cedff20999df2af8eb42d56 -> 
  custom:container-muxer-webm: aa71ff27fc2769a1b78a27578f13a17b -> 
  custom:scripting/monoscript/fileName/GameObjectManager.cs: 9d28bc19d4b44a5e0f0e05ca4ef15caa -> 5b6bf09c65110f6e9277a06c37dc6b07
========================================================================
Received Prepare
Caller must complete domain reload
Begin MonoManager ReloadAssembly
Duplicate assembly 'log4net.dll' with different versions detected, using 'Assets/References/log4net.dll, AssemblyName=log4net, Version=2.0.8.0, Culture=neutral, PublicKeyToken=null' and ignoring 'Packages/com.unity.collab-proxy/Lib/Editor/PlasticSCM/log4netPlastic.dll, AssemblyName=log4net, Version=1.2.15.0, Culture=neutral, PublicKeyToken=669e0ddf0bb1aa2a'.Duplicate assembly 'Newtonsoft.Json.dll' with different versions detected, using 'Packages/com.unity.nuget.newtonsoft-json/Runtime/Newtonsoft.Json.dll, AssemblyName=Newtonsoft.Json, Version=13.0.0.0, Culture=neutral, PublicKeyToken=30ad4fe6b2a6aeed' and ignoring 'Assets/JsonDotNet/Assemblies/Standalone/Newtonsoft.Json.dll, AssemblyName=Newtonsoft.Json, Version=8.0.0.0, Culture=neutral, PublicKeyToken=null'.Symbol file LoadedFromMemory is not a mono symbol file
Symbol file LoadedFromMemory is not a mono symbol file
Symbol file LoadedFromMemory is not a mono symbol file
- Loaded All Assemblies, in  0.307 seconds
Native extension for WindowsStandalone target not found
[Package Manager] Server::EnsureServerProcessIsRunning -- launch failed, reason: Unity was launched with the -noUpm command-line argument
[Package Manager] UpmClient::Send -- Unable to send message (not connected to UPM process).
[Package Manager] Cannot connect to Unity Package Manager local server
Mono: successfully reloaded assembly
- Finished resetting the current domain, in  0.651 seconds
Domain Reload Profiling: 956ms
	BeginReloadAssembly (97ms)
		ExecutionOrderSort (0ms)
		DisableScriptedObjects (3ms)
		BackupInstance (0ms)
		ReleaseScriptingObjects (0ms)
		CreateAndSetChildDomain (24ms)
	RebuildCommonClasses (19ms)
	RebuildNativeTypeToScriptingClass (6ms)
	initialDomainReloadingComplete (18ms)
	LoadAllAssembliesAndSetupDomain (164ms)
		LoadAssemblies (205ms)
		RebuildTransferFunctionScriptingTraits (0ms)
		AnalyzeDomain (7ms)
			TypeCache.Refresh (3ms)
				TypeCache.ScanAssembly (0ms)
			ScanForSourceGeneratedMonoScriptInfo (0ms)
			ResolveRequiredComponents (2ms)
	FinalizeReload (651ms)
		ReleaseScriptCaches (0ms)
		RebuildScriptCaches (0ms)
		SetupLoadedEditorAssemblies (415ms)
			LogAssemblyErrors (0ms)
			InitializePlatformSupportModulesInManaged (4ms)
			SetLoadedEditorAssemblies (3ms)
			RefreshPlugins (0ms)
			BeforeProcessingInitializeOnLoad (60ms)
			ProcessInitializeOnLoadAttributes (242ms)
			ProcessInitializeOnLoadMethodAttributes (103ms)
			AfterProcessingInitializeOnLoad (4ms)
			EditorAssembliesLoaded (0ms)
		ExecutionOrderSort2 (0ms)
		AwakeInstancesAfterBackupRestoration (6ms)
Refreshing native plugins compatible for Editor in 7.56 ms, found 2 plugins.
Preloading 0 native plugins for Editor in 0.00 ms.
Unloading 2567 Unused Serialized files (Serialized files now loaded: 0)
Unloading 16 unused Assets / (28.6 KB). Loaded Objects now: 3124.
Memory consumption went from 130.2 MB to 130.1 MB.
Total: 5.291400 ms (FindLiveObjects: 0.210300 ms CreateObjectMapping: 0.045700 ms MarkObjects: 4.992500 ms  DeleteObjects: 0.042000 ms)

Prepare: number of updated asset objects reloaded= 0
AssetImportParameters requested are different than current active one (requested -> active):
  custom:video-decoder-webm-vp8: 9c59270c3fd7afecdb556c50c9e8de78 -> 
  custom:SearchIndexIgnoredProperties: e643bd26f0fe6173181afceb89e7c659 -> 
  custom:container-demuxer-ogg: 62fdf1f143b41e24485cea50d1cbac27 -> 
  custom:AudioImporter_EditorPlatform: d09bf68614088b80899f8185d706f6e7 -> 
  custom:video-codec-MediaFoundation-h265: 746d11721c4dcdbdad8f713fa42b33f4 -> 
  custom:scripting/monoscript/fileName/NpcManager.cs: 9f4326f993fd7d51a4d1a73853d4ba31 -> 
  custom:video-decoder-ogg-theora: a1e56fd34408186e4bbccfd4996cb3dc -> 
  custom:scripting/monoscript/fileName/UIWindow.cs: 7db82bcecb4b958f30aed5044bc64212 -> 0e7898ffba56fd4251696ffffdb4e820
  custom:framework-win-MediaFoundation: 216162199b28c13a410421893ffa2e32 -> 
  custom:scripting/monoscript/fileName/UIMiniMap.cs: aa15a4a572f78937c1fa26384619a3de -> 
  custom:video-encoder-webm-vp8: eb34c28f22e8b96e1ab97ce403110664 -> 
  custom:audio-decoder-ogg-vorbis: bf7c407c2cedff20999df2af8eb42d56 -> 
  custom:CustomObjectIndexerAttribute: 9a22284fe3817be447336de3de66b15e -> 
  custom:container-demuxer-webm: 4f35f7cbe854078d1ac9338744f61a02 -> 
  custom:scripting/monoscript/fileName/TestManager.cs: e35120e74bab4bced52d717ecbc68775 -> 
  custom:audio-encoder-webm-vorbis: bf7c407c2cedff20999df2af8eb42d56 -> 
  custom:container-muxer-webm: aa71ff27fc2769a1b78a27578f13a17b -> 
  custom:scripting/monoscript/fileName/GameObjectManager.cs: 9d28bc19d4b44a5e0f0e05ca4ef15caa -> 5b6bf09c65110f6e9277a06c37dc6b07
========================================================================
Received Prepare
Caller must complete domain reload
Begin MonoManager ReloadAssembly
Duplicate assembly 'log4net.dll' with different versions detected, using 'Assets/References/log4net.dll, AssemblyName=log4net, Version=2.0.8.0, Culture=neutral, PublicKeyToken=null' and ignoring 'Packages/com.unity.collab-proxy/Lib/Editor/PlasticSCM/log4netPlastic.dll, AssemblyName=log4net, Version=1.2.15.0, Culture=neutral, PublicKeyToken=669e0ddf0bb1aa2a'.Duplicate assembly 'Newtonsoft.Json.dll' with different versions detected, using 'Packages/com.unity.nuget.newtonsoft-json/Runtime/Newtonsoft.Json.dll, AssemblyName=Newtonsoft.Json, Version=13.0.0.0, Culture=neutral, PublicKeyToken=30ad4fe6b2a6aeed' and ignoring 'Assets/JsonDotNet/Assemblies/Standalone/Newtonsoft.Json.dll, AssemblyName=Newtonsoft.Json, Version=8.0.0.0, Culture=neutral, PublicKeyToken=null'.Symbol file LoadedFromMemory is not a mono symbol file
Symbol file LoadedFromMemory is not a mono symbol file
Symbol file LoadedFromMemory is not a mono symbol file
- Loaded All Assemblies, in  0.367 seconds
Native extension for WindowsStandalone target not found
[Package Manager] Server::EnsureServerProcessIsRunning -- launch failed, reason: Unity was launched with the -noUpm command-line argument
[Package Manager] UpmClient::Send -- Unable to send message (not connected to UPM process).
[Package Manager] Cannot connect to Unity Package Manager local server
Mono: successfully reloaded assembly
- Finished resetting the current domain, in  0.720 seconds
Domain Reload Profiling: 1084ms
	BeginReloadAssembly (120ms)
		ExecutionOrderSort (0ms)
		DisableScriptedObjects (6ms)
		BackupInstance (0ms)
		ReleaseScriptingObjects (0ms)
		CreateAndSetChildDomain (34ms)
	RebuildCommonClasses (26ms)
	RebuildNativeTypeToScriptingClass (10ms)
	initialDomainReloadingComplete (24ms)
	LoadAllAssembliesAndSetupDomain (184ms)
		LoadAssemblies (232ms)
		RebuildTransferFunctionScriptingTraits (0ms)
		AnalyzeDomain (7ms)
			TypeCache.Refresh (3ms)
				TypeCache.ScanAssembly (0ms)
			ScanForSourceGeneratedMonoScriptInfo (0ms)
			ResolveRequiredComponents (2ms)
	FinalizeReload (720ms)
		ReleaseScriptCaches (0ms)
		RebuildScriptCaches (0ms)
		SetupLoadedEditorAssemblies (425ms)
			LogAssemblyErrors (0ms)
			InitializePlatformSupportModulesInManaged (5ms)
			SetLoadedEditorAssemblies (3ms)
			RefreshPlugins (0ms)
			BeforeProcessingInitializeOnLoad (59ms)
			ProcessInitializeOnLoadAttributes (251ms)
			ProcessInitializeOnLoadMethodAttributes (103ms)
			AfterProcessingInitializeOnLoad (4ms)
			EditorAssembliesLoaded (0ms)
		ExecutionOrderSort2 (0ms)
		AwakeInstancesAfterBackupRestoration (6ms)
Refreshing native plugins compatible for Editor in 7.63 ms, found 2 plugins.
Preloading 0 native plugins for Editor in 0.00 ms.
Unloading 2567 Unused Serialized files (Serialized files now loaded: 0)
Unloading 16 unused Assets / (28.5 KB). Loaded Objects now: 3127.
Memory consumption went from 130.2 MB to 130.1 MB.
Total: 5.006000 ms (FindLiveObjects: 0.167200 ms CreateObjectMapping: 0.039400 ms MarkObjects: 4.755800 ms  DeleteObjects: 0.042600 ms)

Prepare: number of updated asset objects reloaded= 0
AssetImportParameters requested are different than current active one (requested -> active):
  custom:video-decoder-webm-vp8: 9c59270c3fd7afecdb556c50c9e8de78 -> 
  custom:SearchIndexIgnoredProperties: e643bd26f0fe6173181afceb89e7c659 -> 
  custom:container-demuxer-ogg: 62fdf1f143b41e24485cea50d1cbac27 -> 
  custom:AudioImporter_EditorPlatform: d09bf68614088b80899f8185d706f6e7 -> 
  custom:video-codec-MediaFoundation-h265: 746d11721c4dcdbdad8f713fa42b33f4 -> 
  custom:scripting/monoscript/fileName/NpcManager.cs: 9f4326f993fd7d51a4d1a73853d4ba31 -> 
  custom:video-decoder-ogg-theora: a1e56fd34408186e4bbccfd4996cb3dc -> 
  custom:scripting/monoscript/fileName/UIWindow.cs: 7db82bcecb4b958f30aed5044bc64212 -> 0e7898ffba56fd4251696ffffdb4e820
  custom:framework-win-MediaFoundation: 216162199b28c13a410421893ffa2e32 -> 
  custom:scripting/monoscript/fileName/UIMiniMap.cs: aa15a4a572f78937c1fa26384619a3de -> 
  custom:video-encoder-webm-vp8: eb34c28f22e8b96e1ab97ce403110664 -> 
  custom:audio-decoder-ogg-vorbis: bf7c407c2cedff20999df2af8eb42d56 -> 
  custom:CustomObjectIndexerAttribute: 9a22284fe3817be447336de3de66b15e -> 
  custom:container-demuxer-webm: 4f35f7cbe854078d1ac9338744f61a02 -> 
  custom:scripting/monoscript/fileName/TestManager.cs: e35120e74bab4bced52d717ecbc68775 -> 
  custom:audio-encoder-webm-vorbis: bf7c407c2cedff20999df2af8eb42d56 -> 
  custom:container-muxer-webm: aa71ff27fc2769a1b78a27578f13a17b -> 
  custom:scripting/monoscript/fileName/GameObjectManager.cs: 9d28bc19d4b44a5e0f0e05ca4ef15caa -> 5b6bf09c65110f6e9277a06c37dc6b07
========================================================================
Received Prepare
Caller must complete domain reload
Begin MonoManager ReloadAssembly
Duplicate assembly 'log4net.dll' with different versions detected, using 'Assets/References/log4net.dll, AssemblyName=log4net, Version=2.0.8.0, Culture=neutral, PublicKeyToken=null' and ignoring 'Packages/com.unity.collab-proxy/Lib/Editor/PlasticSCM/log4netPlastic.dll, AssemblyName=log4net, Version=1.2.15.0, Culture=neutral, PublicKeyToken=669e0ddf0bb1aa2a'.Duplicate assembly 'Newtonsoft.Json.dll' with different versions detected, using 'Packages/com.unity.nuget.newtonsoft-json/Runtime/Newtonsoft.Json.dll, AssemblyName=Newtonsoft.Json, Version=13.0.0.0, Culture=neutral, PublicKeyToken=30ad4fe6b2a6aeed' and ignoring 'Assets/JsonDotNet/Assemblies/Standalone/Newtonsoft.Json.dll, AssemblyName=Newtonsoft.Json, Version=8.0.0.0, Culture=neutral, PublicKeyToken=null'.Symbol file LoadedFromMemory is not a mono symbol file
Symbol file LoadedFromMemory is not a mono symbol file
Symbol file LoadedFromMemory is not a mono symbol file
- Loaded All Assemblies, in  0.393 seconds
Native extension for WindowsStandalone target not found
[Package Manager] Server::EnsureServerProcessIsRunning -- launch failed, reason: Unity was launched with the -noUpm command-line argument
[Package Manager] UpmClient::Send -- Unable to send message (not connected to UPM process).
[Package Manager] Cannot connect to Unity Package Manager local server
Mono: successfully reloaded assembly
- Finished resetting the current domain, in  0.824 seconds
Domain Reload Profiling: 1214ms
	BeginReloadAssembly (122ms)
		ExecutionOrderSort (0ms)
		DisableScriptedObjects (5ms)
		BackupInstance (0ms)
		ReleaseScriptingObjects (0ms)
		CreateAndSetChildDomain (32ms)
	RebuildCommonClasses (21ms)
	RebuildNativeTypeToScriptingClass (8ms)
	initialDomainReloadingComplete (24ms)
	LoadAllAssembliesAndSetupDomain (215ms)
		LoadAssemblies (266ms)
		RebuildTransferFunctionScriptingTraits (0ms)
		AnalyzeDomain (8ms)
			TypeCache.Refresh (4ms)
				TypeCache.ScanAssembly (0ms)
			ScanForSourceGeneratedMonoScriptInfo (0ms)
			ResolveRequiredComponents (3ms)
	FinalizeReload (825ms)
		ReleaseScriptCaches (0ms)
		RebuildScriptCaches (0ms)
		SetupLoadedEditorAssemblies (510ms)
			LogAssemblyErrors (0ms)
			InitializePlatformSupportModulesInManaged (5ms)
			SetLoadedEditorAssemblies (4ms)
			RefreshPlugins (0ms)
			BeforeProcessingInitializeOnLoad (74ms)
			ProcessInitializeOnLoadAttributes (295ms)
			ProcessInitializeOnLoadMethodAttributes (126ms)
			AfterProcessingInitializeOnLoad (6ms)
			EditorAssembliesLoaded (0ms)
		ExecutionOrderSort2 (0ms)
		AwakeInstancesAfterBackupRestoration (7ms)
Refreshing native plugins compatible for Editor in 9.68 ms, found 2 plugins.
Preloading 0 native plugins for Editor in 0.00 ms.
Unloading 2567 Unused Serialized files (Serialized files now loaded: 0)
Unloading 16 unused Assets / (28.6 KB). Loaded Objects now: 3130.
Memory consumption went from 130.2 MB to 130.1 MB.
Total: 6.833100 ms (FindLiveObjects: 0.333400 ms CreateObjectMapping: 0.064200 ms MarkObjects: 6.385600 ms  DeleteObjects: 0.048900 ms)

Prepare: number of updated asset objects reloaded= 0
AssetImportParameters requested are different than current active one (requested -> active):
  custom:video-decoder-webm-vp8: 9c59270c3fd7afecdb556c50c9e8de78 -> 
  custom:SearchIndexIgnoredProperties: e643bd26f0fe6173181afceb89e7c659 -> 
  custom:container-demuxer-ogg: 62fdf1f143b41e24485cea50d1cbac27 -> 
  custom:AudioImporter_EditorPlatform: d09bf68614088b80899f8185d706f6e7 -> 
  custom:video-codec-MediaFoundation-h265: 746d11721c4dcdbdad8f713fa42b33f4 -> 
  custom:scripting/monoscript/fileName/NpcManager.cs: 9f4326f993fd7d51a4d1a73853d4ba31 -> 
  custom:video-decoder-ogg-theora: a1e56fd34408186e4bbccfd4996cb3dc -> 
  custom:scripting/monoscript/fileName/UIWindow.cs: 7db82bcecb4b958f30aed5044bc64212 -> 0e7898ffba56fd4251696ffffdb4e820
  custom:framework-win-MediaFoundation: 216162199b28c13a410421893ffa2e32 -> 
  custom:scripting/monoscript/fileName/UIMiniMap.cs: aa15a4a572f78937c1fa26384619a3de -> 
  custom:video-encoder-webm-vp8: eb34c28f22e8b96e1ab97ce403110664 -> 
  custom:audio-decoder-ogg-vorbis: bf7c407c2cedff20999df2af8eb42d56 -> 
  custom:CustomObjectIndexerAttribute: 9a22284fe3817be447336de3de66b15e -> 
  custom:container-demuxer-webm: 4f35f7cbe854078d1ac9338744f61a02 -> 
  custom:scripting/monoscript/fileName/TestManager.cs: e35120e74bab4bced52d717ecbc68775 -> 
  custom:audio-encoder-webm-vorbis: bf7c407c2cedff20999df2af8eb42d56 -> 
  custom:container-muxer-webm: aa71ff27fc2769a1b78a27578f13a17b -> 
  custom:scripting/monoscript/fileName/GameObjectManager.cs: 9d28bc19d4b44a5e0f0e05ca4ef15caa -> 5b6bf09c65110f6e9277a06c37dc6b07
========================================================================
Received Prepare
Caller must complete domain reload
Begin MonoManager ReloadAssembly
Duplicate assembly 'log4net.dll' with different versions detected, using 'Assets/References/log4net.dll, AssemblyName=log4net, Version=2.0.8.0, Culture=neutral, PublicKeyToken=null' and ignoring 'Packages/com.unity.collab-proxy/Lib/Editor/PlasticSCM/log4netPlastic.dll, AssemblyName=log4net, Version=1.2.15.0, Culture=neutral, PublicKeyToken=669e0ddf0bb1aa2a'.Duplicate assembly 'Newtonsoft.Json.dll' with different versions detected, using 'Packages/com.unity.nuget.newtonsoft-json/Runtime/Newtonsoft.Json.dll, AssemblyName=Newtonsoft.Json, Version=13.0.0.0, Culture=neutral, PublicKeyToken=30ad4fe6b2a6aeed' and ignoring 'Assets/JsonDotNet/Assemblies/Standalone/Newtonsoft.Json.dll, AssemblyName=Newtonsoft.Json, Version=8.0.0.0, Culture=neutral, PublicKeyToken=null'.Symbol file LoadedFromMemory is not a mono symbol file
Symbol file LoadedFromMemory is not a mono symbol file
Symbol file LoadedFromMemory is not a mono symbol file
- Loaded All Assemblies, in  0.398 seconds
Native extension for WindowsStandalone target not found
[Package Manager] Server::EnsureServerProcessIsRunning -- launch failed, reason: Unity was launched with the -noUpm command-line argument
[Package Manager] UpmClient::Send -- Unable to send message (not connected to UPM process).
[Package Manager] Cannot connect to Unity Package Manager local server
Mono: successfully reloaded assembly
- Finished resetting the current domain, in  0.769 seconds
Domain Reload Profiling: 1164ms
	BeginReloadAssembly (123ms)
		ExecutionOrderSort (0ms)
		DisableScriptedObjects (5ms)
		BackupInstance (0ms)
		ReleaseScriptingObjects (0ms)
		CreateAndSetChildDomain (33ms)
	RebuildCommonClasses (29ms)
	RebuildNativeTypeToScriptingClass (8ms)
	initialDomainReloadingComplete (24ms)
	LoadAllAssembliesAndSetupDomain (211ms)
		LoadAssemblies (263ms)
		RebuildTransferFunctionScriptingTraits (0ms)
		AnalyzeDomain (7ms)
			TypeCache.Refresh (4ms)
				TypeCache.ScanAssembly (0ms)
			ScanForSourceGeneratedMonoScriptInfo (0ms)
			ResolveRequiredComponents (2ms)
	FinalizeReload (769ms)
		ReleaseScriptCaches (0ms)
		RebuildScriptCaches (0ms)
		SetupLoadedEditorAssemblies (466ms)
			LogAssemblyErrors (0ms)
			InitializePlatformSupportModulesInManaged (4ms)
			SetLoadedEditorAssemblies (3ms)
			RefreshPlugins (0ms)
			BeforeProcessingInitializeOnLoad (61ms)
			ProcessInitializeOnLoadAttributes (281ms)
			ProcessInitializeOnLoadMethodAttributes (114ms)
			AfterProcessingInitializeOnLoad (4ms)
			EditorAssembliesLoaded (0ms)
		ExecutionOrderSort2 (0ms)
		AwakeInstancesAfterBackupRestoration (6ms)
Refreshing native plugins compatible for Editor in 9.11 ms, found 2 plugins.
Preloading 0 native plugins for Editor in 0.00 ms.
Unloading 2567 Unused Serialized files (Serialized files now loaded: 0)
Unloading 16 unused Assets / (28.6 KB). Loaded Objects now: 3133.
Memory consumption went from 130.2 MB to 130.1 MB.
Total: 7.092600 ms (FindLiveObjects: 0.317200 ms CreateObjectMapping: 0.118100 ms MarkObjects: 6.616300 ms  DeleteObjects: 0.039900 ms)

Prepare: number of updated asset objects reloaded= 0
AssetImportParameters requested are different than current active one (requested -> active):
  custom:video-decoder-webm-vp8: 9c59270c3fd7afecdb556c50c9e8de78 -> 
  custom:SearchIndexIgnoredProperties: e643bd26f0fe6173181afceb89e7c659 -> 
  custom:container-demuxer-ogg: 62fdf1f143b41e24485cea50d1cbac27 -> 
  custom:AudioImporter_EditorPlatform: d09bf68614088b80899f8185d706f6e7 -> 
  custom:video-codec-MediaFoundation-h265: 746d11721c4dcdbdad8f713fa42b33f4 -> 
  custom:scripting/monoscript/fileName/NpcManager.cs: 9f4326f993fd7d51a4d1a73853d4ba31 -> 
  custom:video-decoder-ogg-theora: a1e56fd34408186e4bbccfd4996cb3dc -> 
  custom:scripting/monoscript/fileName/UIWindow.cs: 7db82bcecb4b958f30aed5044bc64212 -> 0e7898ffba56fd4251696ffffdb4e820
  custom:framework-win-MediaFoundation: 216162199b28c13a410421893ffa2e32 -> 
  custom:scripting/monoscript/fileName/UIMiniMap.cs: aa15a4a572f78937c1fa26384619a3de -> 
  custom:video-encoder-webm-vp8: eb34c28f22e8b96e1ab97ce403110664 -> 
  custom:audio-decoder-ogg-vorbis: bf7c407c2cedff20999df2af8eb42d56 -> 
  custom:CustomObjectIndexerAttribute: 9a22284fe3817be447336de3de66b15e -> 
  custom:container-demuxer-webm: 4f35f7cbe854078d1ac9338744f61a02 -> 
  custom:scripting/monoscript/fileName/TestManager.cs: e35120e74bab4bced52d717ecbc68775 -> 
  custom:audio-encoder-webm-vorbis: bf7c407c2cedff20999df2af8eb42d56 -> 
  custom:container-muxer-webm: aa71ff27fc2769a1b78a27578f13a17b -> 
  custom:scripting/monoscript/fileName/GameObjectManager.cs: 9d28bc19d4b44a5e0f0e05ca4ef15caa -> 5b6bf09c65110f6e9277a06c37dc6b07
========================================================================
Received Prepare
Caller must complete domain reload
Begin MonoManager ReloadAssembly
Duplicate assembly 'log4net.dll' with different versions detected, using 'Assets/References/log4net.dll, AssemblyName=log4net, Version=2.0.8.0, Culture=neutral, PublicKeyToken=null' and ignoring 'Packages/com.unity.collab-proxy/Lib/Editor/PlasticSCM/log4netPlastic.dll, AssemblyName=log4net, Version=1.2.15.0, Culture=neutral, PublicKeyToken=669e0ddf0bb1aa2a'.Duplicate assembly 'Newtonsoft.Json.dll' with different versions detected, using 'Packages/com.unity.nuget.newtonsoft-json/Runtime/Newtonsoft.Json.dll, AssemblyName=Newtonsoft.Json, Version=13.0.0.0, Culture=neutral, PublicKeyToken=30ad4fe6b2a6aeed' and ignoring 'Assets/JsonDotNet/Assemblies/Standalone/Newtonsoft.Json.dll, AssemblyName=Newtonsoft.Json, Version=8.0.0.0, Culture=neutral, PublicKeyToken=null'.Symbol file LoadedFromMemory is not a mono symbol file
Symbol file LoadedFromMemory is not a mono symbol file
Symbol file LoadedFromMemory is not a mono symbol file
- Loaded All Assemblies, in  0.475 seconds
Native extension for WindowsStandalone target not found
[Package Manager] Server::EnsureServerProcessIsRunning -- launch failed, reason: Unity was launched with the -noUpm command-line argument
[Package Manager] UpmClient::Send -- Unable to send message (not connected to UPM process).
[Package Manager] Cannot connect to Unity Package Manager local server
Mono: successfully reloaded assembly
- Finished resetting the current domain, in  0.797 seconds
Domain Reload Profiling: 1267ms
	BeginReloadAssembly (150ms)
		ExecutionOrderSort (0ms)
		DisableScriptedObjects (4ms)
		BackupInstance (0ms)
		ReleaseScriptingObjects (0ms)
		CreateAndSetChildDomain (46ms)
	RebuildCommonClasses (30ms)
	RebuildNativeTypeToScriptingClass (10ms)
	initialDomainReloadingComplete (32ms)
	LoadAllAssembliesAndSetupDomain (248ms)
		LoadAssemblies (297ms)
		RebuildTransferFunctionScriptingTraits (0ms)
		AnalyzeDomain (20ms)
			TypeCache.Refresh (11ms)
				TypeCache.ScanAssembly (4ms)
			ScanForSourceGeneratedMonoScriptInfo (5ms)
			ResolveRequiredComponents (3ms)
	FinalizeReload (797ms)
		ReleaseScriptCaches (0ms)
		RebuildScriptCaches (0ms)
		SetupLoadedEditorAssemblies (494ms)
			LogAssemblyErrors (0ms)
			InitializePlatformSupportModulesInManaged (4ms)
			SetLoadedEditorAssemblies (3ms)
			RefreshPlugins (0ms)
			BeforeProcessingInitializeOnLoad (63ms)
			ProcessInitializeOnLoadAttributes (296ms)
			ProcessInitializeOnLoadMethodAttributes (122ms)
			AfterProcessingInitializeOnLoad (5ms)
			EditorAssembliesLoaded (0ms)
		ExecutionOrderSort2 (0ms)
		AwakeInstancesAfterBackupRestoration (7ms)
Refreshing native plugins compatible for Editor in 7.97 ms, found 2 plugins.
Preloading 0 native plugins for Editor in 0.00 ms.
Unloading 2567 Unused Serialized files (Serialized files now loaded: 0)
Unloading 16 unused Assets / (28.6 KB). Loaded Objects now: 3136.
Memory consumption went from 130.2 MB to 130.1 MB.
Total: 4.927200 ms (FindLiveObjects: 0.176100 ms CreateObjectMapping: 0.041600 ms MarkObjects: 4.670200 ms  DeleteObjects: 0.038200 ms)

Prepare: number of updated asset objects reloaded= 0
AssetImportParameters requested are different than current active one (requested -> active):
  custom:video-decoder-webm-vp8: 9c59270c3fd7afecdb556c50c9e8de78 -> 
  custom:SearchIndexIgnoredProperties: e643bd26f0fe6173181afceb89e7c659 -> 
  custom:container-demuxer-ogg: 62fdf1f143b41e24485cea50d1cbac27 -> 
  custom:AudioImporter_EditorPlatform: d09bf68614088b80899f8185d706f6e7 -> 
  custom:video-codec-MediaFoundation-h265: 746d11721c4dcdbdad8f713fa42b33f4 -> 
  custom:scripting/monoscript/fileName/NpcManager.cs: 9f4326f993fd7d51a4d1a73853d4ba31 -> 
  custom:video-decoder-ogg-theora: a1e56fd34408186e4bbccfd4996cb3dc -> 
  custom:scripting/monoscript/fileName/UIWindow.cs: 7db82bcecb4b958f30aed5044bc64212 -> 0e7898ffba56fd4251696ffffdb4e820
  custom:framework-win-MediaFoundation: 216162199b28c13a410421893ffa2e32 -> 
  custom:scripting/monoscript/fileName/UIMiniMap.cs: aa15a4a572f78937c1fa26384619a3de -> 
  custom:video-encoder-webm-vp8: eb34c28f22e8b96e1ab97ce403110664 -> 
  custom:audio-decoder-ogg-vorbis: bf7c407c2cedff20999df2af8eb42d56 -> 
  custom:CustomObjectIndexerAttribute: 9a22284fe3817be447336de3de66b15e -> 
  custom:container-demuxer-webm: 4f35f7cbe854078d1ac9338744f61a02 -> 
  custom:scripting/monoscript/fileName/TestManager.cs: e35120e74bab4bced52d717ecbc68775 -> 
  custom:audio-encoder-webm-vorbis: bf7c407c2cedff20999df2af8eb42d56 -> 
  custom:container-muxer-webm: aa71ff27fc2769a1b78a27578f13a17b -> 
  custom:scripting/monoscript/fileName/GameObjectManager.cs: 9d28bc19d4b44a5e0f0e05ca4ef15caa -> 5b6bf09c65110f6e9277a06c37dc6b07
========================================================================
Received Prepare
Caller must complete domain reload
Begin MonoManager ReloadAssembly
Duplicate assembly 'log4net.dll' with different versions detected, using 'Assets/References/log4net.dll, AssemblyName=log4net, Version=2.0.8.0, Culture=neutral, PublicKeyToken=null' and ignoring 'Packages/com.unity.collab-proxy/Lib/Editor/PlasticSCM/log4netPlastic.dll, AssemblyName=log4net, Version=1.2.15.0, Culture=neutral, PublicKeyToken=669e0ddf0bb1aa2a'.Duplicate assembly 'Newtonsoft.Json.dll' with different versions detected, using 'Packages/com.unity.nuget.newtonsoft-json/Runtime/Newtonsoft.Json.dll, AssemblyName=Newtonsoft.Json, Version=13.0.0.0, Culture=neutral, PublicKeyToken=30ad4fe6b2a6aeed' and ignoring 'Assets/JsonDotNet/Assemblies/Standalone/Newtonsoft.Json.dll, AssemblyName=Newtonsoft.Json, Version=8.0.0.0, Culture=neutral, PublicKeyToken=null'.Symbol file LoadedFromMemory is not a mono symbol file
Symbol file LoadedFromMemory is not a mono symbol file
Symbol file LoadedFromMemory is not a mono symbol file
- Loaded All Assemblies, in  0.384 seconds
Native extension for WindowsStandalone target not found
[Package Manager] Server::EnsureServerProcessIsRunning -- launch failed, reason: Unity was launched with the -noUpm command-line argument
[Package Manager] UpmClient::Send -- Unable to send message (not connected to UPM process).
[Package Manager] Cannot connect to Unity Package Manager local server
Mono: successfully reloaded assembly
- Finished resetting the current domain, in  0.779 seconds
Domain Reload Profiling: 1160ms
	BeginReloadAssembly (122ms)
		ExecutionOrderSort (0ms)
		DisableScriptedObjects (5ms)
		BackupInstance (0ms)
		ReleaseScriptingObjects (0ms)
		CreateAndSetChildDomain (32ms)
	RebuildCommonClasses (23ms)
	RebuildNativeTypeToScriptingClass (8ms)
	initialDomainReloadingComplete (25ms)
	LoadAllAssembliesAndSetupDomain (203ms)
		LoadAssemblies (255ms)
		RebuildTransferFunctionScriptingTraits (0ms)
		AnalyzeDomain (7ms)
			TypeCache.Refresh (3ms)
				TypeCache.ScanAssembly (0ms)
			ScanForSourceGeneratedMonoScriptInfo (0ms)
			ResolveRequiredComponents (2ms)
	FinalizeReload (779ms)
		ReleaseScriptCaches (0ms)
		RebuildScriptCaches (0ms)
		SetupLoadedEditorAssemblies (473ms)
			LogAssemblyErrors (0ms)
			InitializePlatformSupportModulesInManaged (5ms)
			SetLoadedEditorAssemblies (4ms)
			RefreshPlugins (0ms)
			BeforeProcessingInitializeOnLoad (63ms)
			ProcessInitializeOnLoadAttributes (277ms)
			ProcessInitializeOnLoadMethodAttributes (120ms)
			AfterProcessingInitializeOnLoad (5ms)
			EditorAssembliesLoaded (0ms)
		ExecutionOrderSort2 (0ms)
		AwakeInstancesAfterBackupRestoration (6ms)
Refreshing native plugins compatible for Editor in 10.36 ms, found 2 plugins.
Preloading 0 native plugins for Editor in 0.00 ms.
Unloading 2567 Unused Serialized files (Serialized files now loaded: 0)
Unloading 16 unused Assets / (28.6 KB). Loaded Objects now: 3139.
Memory consumption went from 130.2 MB to 130.1 MB.
Total: 6.258500 ms (FindLiveObjects: 0.328400 ms CreateObjectMapping: 0.201100 ms MarkObjects: 5.681500 ms  DeleteObjects: 0.046400 ms)

Prepare: number of updated asset objects reloaded= 0
AssetImportParameters requested are different than current active one (requested -> active):
  custom:video-decoder-webm-vp8: 9c59270c3fd7afecdb556c50c9e8de78 -> 
  custom:SearchIndexIgnoredProperties: e643bd26f0fe6173181afceb89e7c659 -> 
  custom:container-demuxer-ogg: 62fdf1f143b41e24485cea50d1cbac27 -> 
  custom:AudioImporter_EditorPlatform: d09bf68614088b80899f8185d706f6e7 -> 
  custom:video-codec-MediaFoundation-h265: 746d11721c4dcdbdad8f713fa42b33f4 -> 
  custom:scripting/monoscript/fileName/NpcManager.cs: 9f4326f993fd7d51a4d1a73853d4ba31 -> 
  custom:video-decoder-ogg-theora: a1e56fd34408186e4bbccfd4996cb3dc -> 
  custom:scripting/monoscript/fileName/UIWindow.cs: 7db82bcecb4b958f30aed5044bc64212 -> 0e7898ffba56fd4251696ffffdb4e820
  custom:framework-win-MediaFoundation: 216162199b28c13a410421893ffa2e32 -> 
  custom:scripting/monoscript/fileName/UIMiniMap.cs: aa15a4a572f78937c1fa26384619a3de -> 
  custom:video-encoder-webm-vp8: eb34c28f22e8b96e1ab97ce403110664 -> 
  custom:audio-decoder-ogg-vorbis: bf7c407c2cedff20999df2af8eb42d56 -> 
  custom:CustomObjectIndexerAttribute: 9a22284fe3817be447336de3de66b15e -> 
  custom:container-demuxer-webm: 4f35f7cbe854078d1ac9338744f61a02 -> 
  custom:scripting/monoscript/fileName/TestManager.cs: e35120e74bab4bced52d717ecbc68775 -> 
  custom:audio-encoder-webm-vorbis: bf7c407c2cedff20999df2af8eb42d56 -> 
  custom:container-muxer-webm: aa71ff27fc2769a1b78a27578f13a17b -> 
  custom:scripting/monoscript/fileName/GameObjectManager.cs: 9d28bc19d4b44a5e0f0e05ca4ef15caa -> 5b6bf09c65110f6e9277a06c37dc6b07
========================================================================
Received Prepare
Caller must complete domain reload
Begin MonoManager ReloadAssembly
Duplicate assembly 'log4net.dll' with different versions detected, using 'Assets/References/log4net.dll, AssemblyName=log4net, Version=2.0.8.0, Culture=neutral, PublicKeyToken=null' and ignoring 'Packages/com.unity.collab-proxy/Lib/Editor/PlasticSCM/log4netPlastic.dll, AssemblyName=log4net, Version=1.2.15.0, Culture=neutral, PublicKeyToken=669e0ddf0bb1aa2a'.Duplicate assembly 'Newtonsoft.Json.dll' with different versions detected, using 'Packages/com.unity.nuget.newtonsoft-json/Runtime/Newtonsoft.Json.dll, AssemblyName=Newtonsoft.Json, Version=13.0.0.0, Culture=neutral, PublicKeyToken=30ad4fe6b2a6aeed' and ignoring 'Assets/JsonDotNet/Assemblies/Standalone/Newtonsoft.Json.dll, AssemblyName=Newtonsoft.Json, Version=8.0.0.0, Culture=neutral, PublicKeyToken=null'.Symbol file LoadedFromMemory is not a mono symbol file
Symbol file LoadedFromMemory is not a mono symbol file
Symbol file LoadedFromMemory is not a mono symbol file
- Loaded All Assemblies, in  0.338 seconds
Native extension for WindowsStandalone target not found
[Package Manager] Server::EnsureServerProcessIsRunning -- launch failed, reason: Unity was launched with the -noUpm command-line argument
[Package Manager] UpmClient::Send -- Unable to send message (not connected to UPM process).
[Package Manager] Cannot connect to Unity Package Manager local server
Mono: successfully reloaded assembly
- Finished resetting the current domain, in  0.666 seconds
Domain Reload Profiling: 1003ms
	BeginReloadAssembly (109ms)
		ExecutionOrderSort (0ms)
		DisableScriptedObjects (3ms)
		BackupInstance (0ms)
		ReleaseScriptingObjects (0ms)
		CreateAndSetChildDomain (31ms)
	RebuildCommonClasses (22ms)
	RebuildNativeTypeToScriptingClass (7ms)
	initialDomainReloadingComplete (20ms)
	LoadAllAssembliesAndSetupDomain (177ms)
		LoadAssemblies (221ms)
		RebuildTransferFunctionScriptingTraits (0ms)
		AnalyzeDomain (6ms)
			TypeCache.Refresh (3ms)
				TypeCache.ScanAssembly (0ms)
			ScanForSourceGeneratedMonoScriptInfo (0ms)
			ResolveRequiredComponents (2ms)
	FinalizeReload (667ms)
		ReleaseScriptCaches (0ms)
		RebuildScriptCaches (0ms)
		SetupLoadedEditorAssemblies (439ms)
			LogAssemblyErrors (0ms)
			InitializePlatformSupportModulesInManaged (4ms)
			SetLoadedEditorAssemblies (3ms)
			RefreshPlugins (0ms)
			BeforeProcessingInitializeOnLoad (57ms)
			ProcessInitializeOnLoadAttributes (262ms)
			ProcessInitializeOnLoadMethodAttributes (107ms)
			AfterProcessingInitializeOnLoad (5ms)
			EditorAssembliesLoaded (0ms)
		ExecutionOrderSort2 (0ms)
		AwakeInstancesAfterBackupRestoration (6ms)
Refreshing native plugins compatible for Editor in 9.01 ms, found 2 plugins.
Preloading 0 native plugins for Editor in 0.00 ms.
Unloading 2567 Unused Serialized files (Serialized files now loaded: 0)
Unloading 16 unused Assets / (28.7 KB). Loaded Objects now: 3142.
Memory consumption went from 130.2 MB to 130.1 MB.
Total: 5.406000 ms (FindLiveObjects: 0.187400 ms CreateObjectMapping: 0.034800 ms MarkObjects: 5.146100 ms  DeleteObjects: 0.037000 ms)

Prepare: number of updated asset objects reloaded= 0
AssetImportParameters requested are different than current active one (requested -> active):
  custom:video-decoder-webm-vp8: 9c59270c3fd7afecdb556c50c9e8de78 -> 
  custom:SearchIndexIgnoredProperties: e643bd26f0fe6173181afceb89e7c659 -> 
  custom:container-demuxer-ogg: 62fdf1f143b41e24485cea50d1cbac27 -> 
  custom:AudioImporter_EditorPlatform: d09bf68614088b80899f8185d706f6e7 -> 
  custom:video-codec-MediaFoundation-h265: 746d11721c4dcdbdad8f713fa42b33f4 -> 
  custom:scripting/monoscript/fileName/NpcManager.cs: 9f4326f993fd7d51a4d1a73853d4ba31 -> 
  custom:video-decoder-ogg-theora: a1e56fd34408186e4bbccfd4996cb3dc -> 
  custom:scripting/monoscript/fileName/UIWindow.cs: 7db82bcecb4b958f30aed5044bc64212 -> 0e7898ffba56fd4251696ffffdb4e820
  custom:framework-win-MediaFoundation: 216162199b28c13a410421893ffa2e32 -> 
  custom:scripting/monoscript/fileName/UIMiniMap.cs: aa15a4a572f78937c1fa26384619a3de -> 
  custom:video-encoder-webm-vp8: eb34c28f22e8b96e1ab97ce403110664 -> 
  custom:audio-decoder-ogg-vorbis: bf7c407c2cedff20999df2af8eb42d56 -> 
  custom:CustomObjectIndexerAttribute: 9a22284fe3817be447336de3de66b15e -> 
  custom:container-demuxer-webm: 4f35f7cbe854078d1ac9338744f61a02 -> 
  custom:scripting/monoscript/fileName/TestManager.cs: e35120e74bab4bced52d717ecbc68775 -> 
  custom:audio-encoder-webm-vorbis: bf7c407c2cedff20999df2af8eb42d56 -> 
  custom:container-muxer-webm: aa71ff27fc2769a1b78a27578f13a17b -> 
  custom:scripting/monoscript/fileName/GameObjectManager.cs: 9d28bc19d4b44a5e0f0e05ca4ef15caa -> 5b6bf09c65110f6e9277a06c37dc6b07
========================================================================
Received Prepare
Caller must complete domain reload
Begin MonoManager ReloadAssembly
Duplicate assembly 'log4net.dll' with different versions detected, using 'Assets/References/log4net.dll, AssemblyName=log4net, Version=2.0.8.0, Culture=neutral, PublicKeyToken=null' and ignoring 'Packages/com.unity.collab-proxy/Lib/Editor/PlasticSCM/log4netPlastic.dll, AssemblyName=log4net, Version=1.2.15.0, Culture=neutral, PublicKeyToken=669e0ddf0bb1aa2a'.Duplicate assembly 'Newtonsoft.Json.dll' with different versions detected, using 'Packages/com.unity.nuget.newtonsoft-json/Runtime/Newtonsoft.Json.dll, AssemblyName=Newtonsoft.Json, Version=13.0.0.0, Culture=neutral, PublicKeyToken=30ad4fe6b2a6aeed' and ignoring 'Assets/JsonDotNet/Assemblies/Standalone/Newtonsoft.Json.dll, AssemblyName=Newtonsoft.Json, Version=8.0.0.0, Culture=neutral, PublicKeyToken=null'.Symbol file LoadedFromMemory is not a mono symbol file
Symbol file LoadedFromMemory is not a mono symbol file
Symbol file LoadedFromMemory is not a mono symbol file
- Loaded All Assemblies, in  0.391 seconds
Native extension for WindowsStandalone target not found
[Package Manager] Server::EnsureServerProcessIsRunning -- launch failed, reason: Unity was launched with the -noUpm command-line argument
[Package Manager] UpmClient::Send -- Unable to send message (not connected to UPM process).
[Package Manager] Cannot connect to Unity Package Manager local server
Mono: successfully reloaded assembly
- Finished resetting the current domain, in  0.766 seconds
Domain Reload Profiling: 1155ms
	BeginReloadAssembly (125ms)
		ExecutionOrderSort (0ms)
		DisableScriptedObjects (5ms)
		BackupInstance (0ms)
		ReleaseScriptingObjects (0ms)
		CreateAndSetChildDomain (33ms)
	RebuildCommonClasses (26ms)
	RebuildNativeTypeToScriptingClass (10ms)
	initialDomainReloadingComplete (21ms)
	LoadAllAssembliesAndSetupDomain (207ms)
		LoadAssemblies (251ms)
		RebuildTransferFunctionScriptingTraits (0ms)
		AnalyzeDomain (15ms)
			TypeCache.Refresh (8ms)
				TypeCache.ScanAssembly (3ms)
			ScanForSourceGeneratedMonoScriptInfo (4ms)
			ResolveRequiredComponents (2ms)
	FinalizeReload (766ms)
		ReleaseScriptCaches (0ms)
		RebuildScriptCaches (0ms)
		SetupLoadedEditorAssemblies (482ms)
			LogAssemblyErrors (0ms)
			InitializePlatformSupportModulesInManaged (6ms)
			SetLoadedEditorAssemblies (3ms)
			RefreshPlugins (0ms)
			BeforeProcessingInitializeOnLoad (69ms)
			ProcessInitializeOnLoadAttributes (288ms)
			ProcessInitializeOnLoadMethodAttributes (110ms)
			AfterProcessingInitializeOnLoad (5ms)
			EditorAssembliesLoaded (0ms)
		ExecutionOrderSort2 (0ms)
		AwakeInstancesAfterBackupRestoration (6ms)
Refreshing native plugins compatible for Editor in 9.11 ms, found 2 plugins.
Preloading 0 native plugins for Editor in 0.00 ms.
Unloading 2567 Unused Serialized files (Serialized files now loaded: 0)
Unloading 16 unused Assets / (28.7 KB). Loaded Objects now: 3145.
Memory consumption went from 130.2 MB to 130.1 MB.
Total: 6.256500 ms (FindLiveObjects: 0.214800 ms CreateObjectMapping: 0.048700 ms MarkObjects: 5.950800 ms  DeleteObjects: 0.041300 ms)

Prepare: number of updated asset objects reloaded= 0
AssetImportParameters requested are different than current active one (requested -> active):
  custom:video-decoder-webm-vp8: 9c59270c3fd7afecdb556c50c9e8de78 -> 
  custom:SearchIndexIgnoredProperties: e643bd26f0fe6173181afceb89e7c659 -> 
  custom:container-demuxer-ogg: 62fdf1f143b41e24485cea50d1cbac27 -> 
  custom:AudioImporter_EditorPlatform: d09bf68614088b80899f8185d706f6e7 -> 
  custom:video-codec-MediaFoundation-h265: 746d11721c4dcdbdad8f713fa42b33f4 -> 
  custom:scripting/monoscript/fileName/NpcManager.cs: 9f4326f993fd7d51a4d1a73853d4ba31 -> 
  custom:video-decoder-ogg-theora: a1e56fd34408186e4bbccfd4996cb3dc -> 
  custom:scripting/monoscript/fileName/UIWindow.cs: 7db82bcecb4b958f30aed5044bc64212 -> 0e7898ffba56fd4251696ffffdb4e820
  custom:framework-win-MediaFoundation: 216162199b28c13a410421893ffa2e32 -> 
  custom:scripting/monoscript/fileName/UIMiniMap.cs: aa15a4a572f78937c1fa26384619a3de -> 
  custom:video-encoder-webm-vp8: eb34c28f22e8b96e1ab97ce403110664 -> 
  custom:audio-decoder-ogg-vorbis: bf7c407c2cedff20999df2af8eb42d56 -> 
  custom:CustomObjectIndexerAttribute: 9a22284fe3817be447336de3de66b15e -> 
  custom:container-demuxer-webm: 4f35f7cbe854078d1ac9338744f61a02 -> 
  custom:scripting/monoscript/fileName/TestManager.cs: e35120e74bab4bced52d717ecbc68775 -> 
  custom:audio-encoder-webm-vorbis: bf7c407c2cedff20999df2af8eb42d56 -> 
  custom:container-muxer-webm: aa71ff27fc2769a1b78a27578f13a17b -> 
  custom:scripting/monoscript/fileName/GameObjectManager.cs: 9d28bc19d4b44a5e0f0e05ca4ef15caa -> 5b6bf09c65110f6e9277a06c37dc6b07
========================================================================
Received Prepare
Caller must complete domain reload
Begin MonoManager ReloadAssembly
Duplicate assembly 'log4net.dll' with different versions detected, using 'Assets/References/log4net.dll, AssemblyName=log4net, Version=2.0.8.0, Culture=neutral, PublicKeyToken=null' and ignoring 'Packages/com.unity.collab-proxy/Lib/Editor/PlasticSCM/log4netPlastic.dll, AssemblyName=log4net, Version=1.2.15.0, Culture=neutral, PublicKeyToken=669e0ddf0bb1aa2a'.Duplicate assembly 'Newtonsoft.Json.dll' with different versions detected, using 'Packages/com.unity.nuget.newtonsoft-json/Runtime/Newtonsoft.Json.dll, AssemblyName=Newtonsoft.Json, Version=13.0.0.0, Culture=neutral, PublicKeyToken=30ad4fe6b2a6aeed' and ignoring 'Assets/JsonDotNet/Assemblies/Standalone/Newtonsoft.Json.dll, AssemblyName=Newtonsoft.Json, Version=8.0.0.0, Culture=neutral, PublicKeyToken=null'.Symbol file LoadedFromMemory is not a mono symbol file
Symbol file LoadedFromMemory is not a mono symbol file
Symbol file LoadedFromMemory is not a mono symbol file
- Loaded All Assemblies, in  0.379 seconds
Native extension for WindowsStandalone target not found
[Package Manager] Server::EnsureServerProcessIsRunning -- launch failed, reason: Unity was launched with the -noUpm command-line argument
[Package Manager] UpmClient::Send -- Unable to send message (not connected to UPM process).
[Package Manager] Cannot connect to Unity Package Manager local server
Mono: successfully reloaded assembly
- Finished resetting the current domain, in  0.778 seconds
Domain Reload Profiling: 1154ms
	BeginReloadAssembly (114ms)
		ExecutionOrderSort (0ms)
		DisableScriptedObjects (5ms)
		BackupInstance (0ms)
		ReleaseScriptingObjects (0ms)
		CreateAndSetChildDomain (26ms)
	RebuildCommonClasses (27ms)
	RebuildNativeTypeToScriptingClass (10ms)
	initialDomainReloadingComplete (24ms)
	LoadAllAssembliesAndSetupDomain (201ms)
		LoadAssemblies (243ms)
		RebuildTransferFunctionScriptingTraits (0ms)
		AnalyzeDomain (18ms)
			TypeCache.Refresh (10ms)
				TypeCache.ScanAssembly (3ms)
			ScanForSourceGeneratedMonoScriptInfo (5ms)
			ResolveRequiredComponents (2ms)
	FinalizeReload (778ms)
		ReleaseScriptCaches (0ms)
		RebuildScriptCaches (0ms)
		SetupLoadedEditorAssemblies (511ms)
			LogAssemblyErrors (0ms)
			InitializePlatformSupportModulesInManaged (5ms)
			SetLoadedEditorAssemblies (4ms)
			RefreshPlugins (0ms)
			BeforeProcessingInitializeOnLoad (60ms)
			ProcessInitializeOnLoadAttributes (310ms)
			ProcessInitializeOnLoadMethodAttributes (126ms)
			AfterProcessingInitializeOnLoad (4ms)
			EditorAssembliesLoaded (0ms)
		ExecutionOrderSort2 (0ms)
		AwakeInstancesAfterBackupRestoration (7ms)
Refreshing native plugins compatible for Editor in 7.98 ms, found 2 plugins.
Preloading 0 native plugins for Editor in 0.00 ms.
Unloading 2567 Unused Serialized files (Serialized files now loaded: 0)
Unloading 16 unused Assets / (28.6 KB). Loaded Objects now: 3148.
Memory consumption went from 130.2 MB to 130.1 MB.
Total: 6.359000 ms (FindLiveObjects: 0.350500 ms CreateObjectMapping: 0.135900 ms MarkObjects: 5.834900 ms  DeleteObjects: 0.037300 ms)

Prepare: number of updated asset objects reloaded= 0
AssetImportParameters requested are different than current active one (requested -> active):
  custom:video-decoder-webm-vp8: 9c59270c3fd7afecdb556c50c9e8de78 -> 
  custom:SearchIndexIgnoredProperties: e643bd26f0fe6173181afceb89e7c659 -> 
  custom:container-demuxer-ogg: 62fdf1f143b41e24485cea50d1cbac27 -> 
  custom:AudioImporter_EditorPlatform: d09bf68614088b80899f8185d706f6e7 -> 
  custom:video-codec-MediaFoundation-h265: 746d11721c4dcdbdad8f713fa42b33f4 -> 
  custom:scripting/monoscript/fileName/NpcManager.cs: 9f4326f993fd7d51a4d1a73853d4ba31 -> 
  custom:video-decoder-ogg-theora: a1e56fd34408186e4bbccfd4996cb3dc -> 
  custom:scripting/monoscript/fileName/UIWindow.cs: 7db82bcecb4b958f30aed5044bc64212 -> 0e7898ffba56fd4251696ffffdb4e820
  custom:framework-win-MediaFoundation: 216162199b28c13a410421893ffa2e32 -> 
  custom:scripting/monoscript/fileName/UIMiniMap.cs: aa15a4a572f78937c1fa26384619a3de -> 
  custom:video-encoder-webm-vp8: eb34c28f22e8b96e1ab97ce403110664 -> 
  custom:audio-decoder-ogg-vorbis: bf7c407c2cedff20999df2af8eb42d56 -> 
  custom:CustomObjectIndexerAttribute: 9a22284fe3817be447336de3de66b15e -> 
  custom:container-demuxer-webm: 4f35f7cbe854078d1ac9338744f61a02 -> 
  custom:scripting/monoscript/fileName/TestManager.cs: e35120e74bab4bced52d717ecbc68775 -> 
  custom:audio-encoder-webm-vorbis: bf7c407c2cedff20999df2af8eb42d56 -> 
  custom:container-muxer-webm: aa71ff27fc2769a1b78a27578f13a17b -> 
  custom:scripting/monoscript/fileName/GameObjectManager.cs: 9d28bc19d4b44a5e0f0e05ca4ef15caa -> 5b6bf09c65110f6e9277a06c37dc6b07
========================================================================
Received Prepare
Caller must complete domain reload
Begin MonoManager ReloadAssembly
Duplicate assembly 'log4net.dll' with different versions detected, using 'Assets/References/log4net.dll, AssemblyName=log4net, Version=2.0.8.0, Culture=neutral, PublicKeyToken=null' and ignoring 'Packages/com.unity.collab-proxy/Lib/Editor/PlasticSCM/log4netPlastic.dll, AssemblyName=log4net, Version=1.2.15.0, Culture=neutral, PublicKeyToken=669e0ddf0bb1aa2a'.Duplicate assembly 'Newtonsoft.Json.dll' with different versions detected, using 'Packages/com.unity.nuget.newtonsoft-json/Runtime/Newtonsoft.Json.dll, AssemblyName=Newtonsoft.Json, Version=13.0.0.0, Culture=neutral, PublicKeyToken=30ad4fe6b2a6aeed' and ignoring 'Assets/JsonDotNet/Assemblies/Standalone/Newtonsoft.Json.dll, AssemblyName=Newtonsoft.Json, Version=8.0.0.0, Culture=neutral, PublicKeyToken=null'.Symbol file LoadedFromMemory is not a mono symbol file
Symbol file LoadedFromMemory is not a mono symbol file
Symbol file LoadedFromMemory is not a mono symbol file
- Loaded All Assemblies, in  0.426 seconds
Native extension for WindowsStandalone target not found
[Package Manager] Server::EnsureServerProcessIsRunning -- launch failed, reason: Unity was launched with the -noUpm command-line argument
[Package Manager] UpmClient::Send -- Unable to send message (not connected to UPM process).
[Package Manager] Cannot connect to Unity Package Manager local server
Mono: successfully reloaded assembly
- Finished resetting the current domain, in  0.787 seconds
Domain Reload Profiling: 1209ms
	BeginReloadAssembly (143ms)
		ExecutionOrderSort (0ms)
		DisableScriptedObjects (4ms)
		BackupInstance (0ms)
		ReleaseScriptingObjects (0ms)
		CreateAndSetChildDomain (35ms)
	RebuildCommonClasses (28ms)
	RebuildNativeTypeToScriptingClass (12ms)
	initialDomainReloadingComplete (27ms)
	LoadAllAssembliesAndSetupDomain (212ms)
		LoadAssemblies (268ms)
		RebuildTransferFunctionScriptingTraits (0ms)
		AnalyzeDomain (19ms)
			TypeCache.Refresh (9ms)
				TypeCache.ScanAssembly (2ms)
			ScanForSourceGeneratedMonoScriptInfo (6ms)
			ResolveRequiredComponents (3ms)
	FinalizeReload (787ms)
		ReleaseScriptCaches (0ms)
		RebuildScriptCaches (0ms)
		SetupLoadedEditorAssemblies (505ms)
			LogAssemblyErrors (0ms)
			InitializePlatformSupportModulesInManaged (5ms)
			SetLoadedEditorAssemblies (3ms)
			RefreshPlugins (0ms)
			BeforeProcessingInitializeOnLoad (80ms)
			ProcessInitializeOnLoadAttributes (285ms)
			ProcessInitializeOnLoadMethodAttributes (126ms)
			AfterProcessingInitializeOnLoad (6ms)
			EditorAssembliesLoaded (0ms)
		ExecutionOrderSort2 (0ms)
		AwakeInstancesAfterBackupRestoration (5ms)
Refreshing native plugins compatible for Editor in 9.96 ms, found 2 plugins.
Preloading 0 native plugins for Editor in 0.00 ms.
Unloading 2567 Unused Serialized files (Serialized files now loaded: 0)
Unloading 16 unused Assets / (28.6 KB). Loaded Objects now: 3151.
Memory consumption went from 130.2 MB to 130.1 MB.
Total: 4.670800 ms (FindLiveObjects: 0.169300 ms CreateObjectMapping: 0.034000 ms MarkObjects: 4.427800 ms  DeleteObjects: 0.039200 ms)

Prepare: number of updated asset objects reloaded= 0
AssetImportParameters requested are different than current active one (requested -> active):
  custom:video-decoder-webm-vp8: 9c59270c3fd7afecdb556c50c9e8de78 -> 
  custom:SearchIndexIgnoredProperties: e643bd26f0fe6173181afceb89e7c659 -> 
  custom:container-demuxer-ogg: 62fdf1f143b41e24485cea50d1cbac27 -> 
  custom:AudioImporter_EditorPlatform: d09bf68614088b80899f8185d706f6e7 -> 
  custom:video-codec-MediaFoundation-h265: 746d11721c4dcdbdad8f713fa42b33f4 -> 
  custom:scripting/monoscript/fileName/NpcManager.cs: 9f4326f993fd7d51a4d1a73853d4ba31 -> 
  custom:video-decoder-ogg-theora: a1e56fd34408186e4bbccfd4996cb3dc -> 
  custom:scripting/monoscript/fileName/UIWindow.cs: 7db82bcecb4b958f30aed5044bc64212 -> 0e7898ffba56fd4251696ffffdb4e820
  custom:framework-win-MediaFoundation: 216162199b28c13a410421893ffa2e32 -> 
  custom:scripting/monoscript/fileName/UIMiniMap.cs: aa15a4a572f78937c1fa26384619a3de -> 
  custom:video-encoder-webm-vp8: eb34c28f22e8b96e1ab97ce403110664 -> 
  custom:audio-decoder-ogg-vorbis: bf7c407c2cedff20999df2af8eb42d56 -> 
  custom:CustomObjectIndexerAttribute: 9a22284fe3817be447336de3de66b15e -> 
  custom:container-demuxer-webm: 4f35f7cbe854078d1ac9338744f61a02 -> 
  custom:scripting/monoscript/fileName/TestManager.cs: e35120e74bab4bced52d717ecbc68775 -> 
  custom:audio-encoder-webm-vorbis: bf7c407c2cedff20999df2af8eb42d56 -> 
  custom:container-muxer-webm: aa71ff27fc2769a1b78a27578f13a17b -> 
  custom:scripting/monoscript/fileName/GameObjectManager.cs: 9d28bc19d4b44a5e0f0e05ca4ef15caa -> 5b6bf09c65110f6e9277a06c37dc6b07
========================================================================
Received Prepare
Caller must complete domain reload
Begin MonoManager ReloadAssembly
Duplicate assembly 'log4net.dll' with different versions detected, using 'Assets/References/log4net.dll, AssemblyName=log4net, Version=2.0.8.0, Culture=neutral, PublicKeyToken=null' and ignoring 'Packages/com.unity.collab-proxy/Lib/Editor/PlasticSCM/log4netPlastic.dll, AssemblyName=log4net, Version=1.2.15.0, Culture=neutral, PublicKeyToken=669e0ddf0bb1aa2a'.Duplicate assembly 'Newtonsoft.Json.dll' with different versions detected, using 'Packages/com.unity.nuget.newtonsoft-json/Runtime/Newtonsoft.Json.dll, AssemblyName=Newtonsoft.Json, Version=13.0.0.0, Culture=neutral, PublicKeyToken=30ad4fe6b2a6aeed' and ignoring 'Assets/JsonDotNet/Assemblies/Standalone/Newtonsoft.Json.dll, AssemblyName=Newtonsoft.Json, Version=8.0.0.0, Culture=neutral, PublicKeyToken=null'.Symbol file LoadedFromMemory is not a mono symbol file
Symbol file LoadedFromMemory is not a mono symbol file
Symbol file LoadedFromMemory is not a mono symbol file
- Loaded All Assemblies, in  0.383 seconds
Native extension for WindowsStandalone target not found
[Package Manager] Server::EnsureServerProcessIsRunning -- launch failed, reason: Unity was launched with the -noUpm command-line argument
[Package Manager] UpmClient::Send -- Unable to send message (not connected to UPM process).
[Package Manager] Cannot connect to Unity Package Manager local server
Mono: successfully reloaded assembly
- Finished resetting the current domain, in  0.760 seconds
Domain Reload Profiling: 1141ms
	BeginReloadAssembly (119ms)
		ExecutionOrderSort (0ms)
		DisableScriptedObjects (4ms)
		BackupInstance (0ms)
		ReleaseScriptingObjects (0ms)
		CreateAndSetChildDomain (29ms)
	RebuildCommonClasses (24ms)
	RebuildNativeTypeToScriptingClass (8ms)
	initialDomainReloadingComplete (22ms)
	LoadAllAssembliesAndSetupDomain (208ms)
		LoadAssemblies (250ms)
		RebuildTransferFunctionScriptingTraits (0ms)
		AnalyzeDomain (18ms)
			TypeCache.Refresh (10ms)
				TypeCache.ScanAssembly (3ms)
			ScanForSourceGeneratedMonoScriptInfo (5ms)
			ResolveRequiredComponents (2ms)
	FinalizeReload (760ms)
		ReleaseScriptCaches (0ms)
		RebuildScriptCaches (0ms)
		SetupLoadedEditorAssemblies (491ms)
			LogAssemblyErrors (0ms)
			InitializePlatformSupportModulesInManaged (5ms)
			SetLoadedEditorAssemblies (3ms)
			RefreshPlugins (0ms)
			BeforeProcessingInitializeOnLoad (66ms)
			ProcessInitializeOnLoadAttributes (295ms)
			ProcessInitializeOnLoadMethodAttributes (116ms)
			AfterProcessingInitializeOnLoad (6ms)
			EditorAssembliesLoaded (0ms)
		ExecutionOrderSort2 (0ms)
		AwakeInstancesAfterBackupRestoration (6ms)
Refreshing native plugins compatible for Editor in 7.22 ms, found 2 plugins.
Preloading 0 native plugins for Editor in 0.00 ms.
Unloading 2567 Unused Serialized files (Serialized files now loaded: 0)
Unloading 16 unused Assets / (28.5 KB). Loaded Objects now: 3154.
Memory consumption went from 130.2 MB to 130.1 MB.
Total: 5.528600 ms (FindLiveObjects: 0.304800 ms CreateObjectMapping: 0.099700 ms MarkObjects: 5.090500 ms  DeleteObjects: 0.032900 ms)

Prepare: number of updated asset objects reloaded= 0
AssetImportParameters requested are different than current active one (requested -> active):
  custom:video-decoder-webm-vp8: 9c59270c3fd7afecdb556c50c9e8de78 -> 
  custom:SearchIndexIgnoredProperties: e643bd26f0fe6173181afceb89e7c659 -> 
  custom:container-demuxer-ogg: 62fdf1f143b41e24485cea50d1cbac27 -> 
  custom:AudioImporter_EditorPlatform: d09bf68614088b80899f8185d706f6e7 -> 
  custom:video-codec-MediaFoundation-h265: 746d11721c4dcdbdad8f713fa42b33f4 -> 
  custom:scripting/monoscript/fileName/NpcManager.cs: 9f4326f993fd7d51a4d1a73853d4ba31 -> 
  custom:video-decoder-ogg-theora: a1e56fd34408186e4bbccfd4996cb3dc -> 
  custom:scripting/monoscript/fileName/UIWindow.cs: 7db82bcecb4b958f30aed5044bc64212 -> 0e7898ffba56fd4251696ffffdb4e820
  custom:framework-win-MediaFoundation: 216162199b28c13a410421893ffa2e32 -> 
  custom:scripting/monoscript/fileName/UIMiniMap.cs: aa15a4a572f78937c1fa26384619a3de -> 
  custom:video-encoder-webm-vp8: eb34c28f22e8b96e1ab97ce403110664 -> 
  custom:audio-decoder-ogg-vorbis: bf7c407c2cedff20999df2af8eb42d56 -> 
  custom:CustomObjectIndexerAttribute: 9a22284fe3817be447336de3de66b15e -> 
  custom:container-demuxer-webm: 4f35f7cbe854078d1ac9338744f61a02 -> 
  custom:scripting/monoscript/fileName/TestManager.cs: e35120e74bab4bced52d717ecbc68775 -> 
  custom:audio-encoder-webm-vorbis: bf7c407c2cedff20999df2af8eb42d56 -> 
  custom:container-muxer-webm: aa71ff27fc2769a1b78a27578f13a17b -> 
  custom:scripting/monoscript/fileName/GameObjectManager.cs: 9d28bc19d4b44a5e0f0e05ca4ef15caa -> 5b6bf09c65110f6e9277a06c37dc6b07
========================================================================
Received Prepare
Caller must complete domain reload
Begin MonoManager ReloadAssembly
Duplicate assembly 'log4net.dll' with different versions detected, using 'Assets/References/log4net.dll, AssemblyName=log4net, Version=2.0.8.0, Culture=neutral, PublicKeyToken=null' and ignoring 'Packages/com.unity.collab-proxy/Lib/Editor/PlasticSCM/log4netPlastic.dll, AssemblyName=log4net, Version=1.2.15.0, Culture=neutral, PublicKeyToken=669e0ddf0bb1aa2a'.Duplicate assembly 'Newtonsoft.Json.dll' with different versions detected, using 'Packages/com.unity.nuget.newtonsoft-json/Runtime/Newtonsoft.Json.dll, AssemblyName=Newtonsoft.Json, Version=13.0.0.0, Culture=neutral, PublicKeyToken=30ad4fe6b2a6aeed' and ignoring 'Assets/JsonDotNet/Assemblies/Standalone/Newtonsoft.Json.dll, AssemblyName=Newtonsoft.Json, Version=8.0.0.0, Culture=neutral, PublicKeyToken=null'.Symbol file LoadedFromMemory is not a mono symbol file
Symbol file LoadedFromMemory is not a mono symbol file
Symbol file LoadedFromMemory is not a mono symbol file
- Loaded All Assemblies, in  0.412 seconds
Native extension for WindowsStandalone target not found
[Package Manager] Server::EnsureServerProcessIsRunning -- launch failed, reason: Unity was launched with the -noUpm command-line argument
[Package Manager] UpmClient::Send -- Unable to send message (not connected to UPM process).
[Package Manager] Cannot connect to Unity Package Manager local server
Mono: successfully reloaded assembly
- Finished resetting the current domain, in  0.839 seconds
Domain Reload Profiling: 1246ms
	BeginReloadAssembly (127ms)
		ExecutionOrderSort (0ms)
		DisableScriptedObjects (4ms)
		BackupInstance (0ms)
		ReleaseScriptingObjects (0ms)
		CreateAndSetChildDomain (32ms)
	RebuildCommonClasses (28ms)
	RebuildNativeTypeToScriptingClass (9ms)
	initialDomainReloadingComplete (26ms)
	LoadAllAssembliesAndSetupDomain (217ms)
		LoadAssemblies (264ms)
		RebuildTransferFunctionScriptingTraits (0ms)
		AnalyzeDomain (19ms)
			TypeCache.Refresh (10ms)
				TypeCache.ScanAssembly (3ms)
			ScanForSourceGeneratedMonoScriptInfo (6ms)
			ResolveRequiredComponents (3ms)
	FinalizeReload (839ms)
		ReleaseScriptCaches (0ms)
		RebuildScriptCaches (0ms)
		SetupLoadedEditorAssemblies (548ms)
			LogAssemblyErrors (0ms)
			InitializePlatformSupportModulesInManaged (7ms)
			SetLoadedEditorAssemblies (4ms)
			RefreshPlugins (0ms)
			BeforeProcessingInitializeOnLoad (83ms)
			ProcessInitializeOnLoadAttributes (325ms)
			ProcessInitializeOnLoadMethodAttributes (125ms)
			AfterProcessingInitializeOnLoad (4ms)
			EditorAssembliesLoaded (0ms)
		ExecutionOrderSort2 (0ms)
		AwakeInstancesAfterBackupRestoration (6ms)
Refreshing native plugins compatible for Editor in 10.57 ms, found 2 plugins.
Preloading 0 native plugins for Editor in 0.00 ms.
Unloading 2567 Unused Serialized files (Serialized files now loaded: 0)
Unloading 16 unused Assets / (28.6 KB). Loaded Objects now: 3157.
Memory consumption went from 130.2 MB to 130.1 MB.
Total: 5.733600 ms (FindLiveObjects: 0.312600 ms CreateObjectMapping: 0.096000 ms MarkObjects: 5.285700 ms  DeleteObjects: 0.038600 ms)

Prepare: number of updated asset objects reloaded= 0
AssetImportParameters requested are different than current active one (requested -> active):
  custom:video-decoder-webm-vp8: 9c59270c3fd7afecdb556c50c9e8de78 -> 
  custom:SearchIndexIgnoredProperties: e643bd26f0fe6173181afceb89e7c659 -> 
  custom:container-demuxer-ogg: 62fdf1f143b41e24485cea50d1cbac27 -> 
  custom:AudioImporter_EditorPlatform: d09bf68614088b80899f8185d706f6e7 -> 
  custom:video-codec-MediaFoundation-h265: 746d11721c4dcdbdad8f713fa42b33f4 -> 
  custom:scripting/monoscript/fileName/NpcManager.cs: 9f4326f993fd7d51a4d1a73853d4ba31 -> 
  custom:video-decoder-ogg-theora: a1e56fd34408186e4bbccfd4996cb3dc -> 
  custom:scripting/monoscript/fileName/UIWindow.cs: 7db82bcecb4b958f30aed5044bc64212 -> 0e7898ffba56fd4251696ffffdb4e820
  custom:framework-win-MediaFoundation: 216162199b28c13a410421893ffa2e32 -> 
  custom:scripting/monoscript/fileName/UIMiniMap.cs: aa15a4a572f78937c1fa26384619a3de -> 
  custom:video-encoder-webm-vp8: eb34c28f22e8b96e1ab97ce403110664 -> 
  custom:audio-decoder-ogg-vorbis: bf7c407c2cedff20999df2af8eb42d56 -> 
  custom:CustomObjectIndexerAttribute: 9a22284fe3817be447336de3de66b15e -> 
  custom:container-demuxer-webm: 4f35f7cbe854078d1ac9338744f61a02 -> 
  custom:scripting/monoscript/fileName/TestManager.cs: e35120e74bab4bced52d717ecbc68775 -> 
  custom:audio-encoder-webm-vorbis: bf7c407c2cedff20999df2af8eb42d56 -> 
  custom:container-muxer-webm: aa71ff27fc2769a1b78a27578f13a17b -> 
  custom:scripting/monoscript/fileName/GameObjectManager.cs: 9d28bc19d4b44a5e0f0e05ca4ef15caa -> 5b6bf09c65110f6e9277a06c37dc6b07
========================================================================
Received Prepare
Caller must complete domain reload
Begin MonoManager ReloadAssembly
Duplicate assembly 'log4net.dll' with different versions detected, using 'Assets/References/log4net.dll, AssemblyName=log4net, Version=2.0.8.0, Culture=neutral, PublicKeyToken=null' and ignoring 'Packages/com.unity.collab-proxy/Lib/Editor/PlasticSCM/log4netPlastic.dll, AssemblyName=log4net, Version=1.2.15.0, Culture=neutral, PublicKeyToken=669e0ddf0bb1aa2a'.Duplicate assembly 'Newtonsoft.Json.dll' with different versions detected, using 'Packages/com.unity.nuget.newtonsoft-json/Runtime/Newtonsoft.Json.dll, AssemblyName=Newtonsoft.Json, Version=13.0.0.0, Culture=neutral, PublicKeyToken=30ad4fe6b2a6aeed' and ignoring 'Assets/JsonDotNet/Assemblies/Standalone/Newtonsoft.Json.dll, AssemblyName=Newtonsoft.Json, Version=8.0.0.0, Culture=neutral, PublicKeyToken=null'.Symbol file LoadedFromMemory is not a mono symbol file
Symbol file LoadedFromMemory is not a mono symbol file
Symbol file LoadedFromMemory is not a mono symbol file
- Loaded All Assemblies, in  0.423 seconds
Native extension for WindowsStandalone target not found
[Package Manager] Server::EnsureServerProcessIsRunning -- launch failed, reason: Unity was launched with the -noUpm command-line argument
[Package Manager] UpmClient::Send -- Unable to send message (not connected to UPM process).
[Package Manager] Cannot connect to Unity Package Manager local server
Mono: successfully reloaded assembly
- Finished resetting the current domain, in  0.832 seconds
Domain Reload Profiling: 1252ms
	BeginReloadAssembly (132ms)
		ExecutionOrderSort (0ms)
		DisableScriptedObjects (5ms)
		BackupInstance (0ms)
		ReleaseScriptingObjects (0ms)
		CreateAndSetChildDomain (34ms)
	RebuildCommonClasses (29ms)
	RebuildNativeTypeToScriptingClass (9ms)
	initialDomainReloadingComplete (27ms)
	LoadAllAssembliesAndSetupDomain (222ms)
		LoadAssemblies (269ms)
		RebuildTransferFunctionScriptingTraits (0ms)
		AnalyzeDomain (20ms)
			TypeCache.Refresh (10ms)
				TypeCache.ScanAssembly (3ms)
			ScanForSourceGeneratedMonoScriptInfo (6ms)
			ResolveRequiredComponents (3ms)
	FinalizeReload (832ms)
		ReleaseScriptCaches (0ms)
		RebuildScriptCaches (0ms)
		SetupLoadedEditorAssemblies (543ms)
			LogAssemblyErrors (0ms)
			InitializePlatformSupportModulesInManaged (6ms)
			SetLoadedEditorAssemblies (4ms)
			RefreshPlugins (0ms)
			BeforeProcessingInitializeOnLoad (75ms)
			ProcessInitializeOnLoadAttributes (319ms)
			ProcessInitializeOnLoadMethodAttributes (133ms)
			AfterProcessingInitializeOnLoad (5ms)
			EditorAssembliesLoaded (0ms)
		ExecutionOrderSort2 (0ms)
		AwakeInstancesAfterBackupRestoration (6ms)
Refreshing native plugins compatible for Editor in 21.64 ms, found 2 plugins.
Preloading 0 native plugins for Editor in 0.00 ms.
Unloading 2567 Unused Serialized files (Serialized files now loaded: 0)
Unloading 16 unused Assets / (28.5 KB). Loaded Objects now: 3160.
Memory consumption went from 130.2 MB to 130.1 MB.
Total: 6.006000 ms (FindLiveObjects: 0.275700 ms CreateObjectMapping: 0.068600 ms MarkObjects: 5.611600 ms  DeleteObjects: 0.049300 ms)

Prepare: number of updated asset objects reloaded= 0
AssetImportParameters requested are different than current active one (requested -> active):
  custom:video-decoder-webm-vp8: 9c59270c3fd7afecdb556c50c9e8de78 -> 
  custom:SearchIndexIgnoredProperties: e643bd26f0fe6173181afceb89e7c659 -> 
  custom:container-demuxer-ogg: 62fdf1f143b41e24485cea50d1cbac27 -> 
  custom:AudioImporter_EditorPlatform: d09bf68614088b80899f8185d706f6e7 -> 
  custom:video-codec-MediaFoundation-h265: 746d11721c4dcdbdad8f713fa42b33f4 -> 
  custom:scripting/monoscript/fileName/NpcManager.cs: 9f4326f993fd7d51a4d1a73853d4ba31 -> 
  custom:video-decoder-ogg-theora: a1e56fd34408186e4bbccfd4996cb3dc -> 
  custom:scripting/monoscript/fileName/UIWindow.cs: 7db82bcecb4b958f30aed5044bc64212 -> 0e7898ffba56fd4251696ffffdb4e820
  custom:framework-win-MediaFoundation: 216162199b28c13a410421893ffa2e32 -> 
  custom:scripting/monoscript/fileName/UIMiniMap.cs: aa15a4a572f78937c1fa26384619a3de -> 
  custom:video-encoder-webm-vp8: eb34c28f22e8b96e1ab97ce403110664 -> 
  custom:audio-decoder-ogg-vorbis: bf7c407c2cedff20999df2af8eb42d56 -> 
  custom:CustomObjectIndexerAttribute: 9a22284fe3817be447336de3de66b15e -> 
  custom:container-demuxer-webm: 4f35f7cbe854078d1ac9338744f61a02 -> 
  custom:scripting/monoscript/fileName/TestManager.cs: e35120e74bab4bced52d717ecbc68775 -> 
  custom:audio-encoder-webm-vorbis: bf7c407c2cedff20999df2af8eb42d56 -> 
  custom:container-muxer-webm: aa71ff27fc2769a1b78a27578f13a17b -> 
  custom:scripting/monoscript/fileName/GameObjectManager.cs: 9d28bc19d4b44a5e0f0e05ca4ef15caa -> 5b6bf09c65110f6e9277a06c37dc6b07
========================================================================
Received Prepare
Caller must complete domain reload
Begin MonoManager ReloadAssembly
Duplicate assembly 'log4net.dll' with different versions detected, using 'Assets/References/log4net.dll, AssemblyName=log4net, Version=2.0.8.0, Culture=neutral, PublicKeyToken=null' and ignoring 'Packages/com.unity.collab-proxy/Lib/Editor/PlasticSCM/log4netPlastic.dll, AssemblyName=log4net, Version=1.2.15.0, Culture=neutral, PublicKeyToken=669e0ddf0bb1aa2a'.Duplicate assembly 'Newtonsoft.Json.dll' with different versions detected, using 'Packages/com.unity.nuget.newtonsoft-json/Runtime/Newtonsoft.Json.dll, AssemblyName=Newtonsoft.Json, Version=13.0.0.0, Culture=neutral, PublicKeyToken=30ad4fe6b2a6aeed' and ignoring 'Assets/JsonDotNet/Assemblies/Standalone/Newtonsoft.Json.dll, AssemblyName=Newtonsoft.Json, Version=8.0.0.0, Culture=neutral, PublicKeyToken=null'.Symbol file LoadedFromMemory is not a mono symbol file
Symbol file LoadedFromMemory is not a mono symbol file
Symbol file LoadedFromMemory is not a mono symbol file
- Loaded All Assemblies, in  0.385 seconds
Native extension for WindowsStandalone target not found
[Package Manager] Server::EnsureServerProcessIsRunning -- launch failed, reason: Unity was launched with the -noUpm command-line argument
[Package Manager] UpmClient::Send -- Unable to send message (not connected to UPM process).
[Package Manager] Cannot connect to Unity Package Manager local server
Mono: successfully reloaded assembly
- Finished resetting the current domain, in  0.803 seconds
Domain Reload Profiling: 1186ms
	BeginReloadAssembly (117ms)
		ExecutionOrderSort (0ms)
		DisableScriptedObjects (5ms)
		BackupInstance (0ms)
		ReleaseScriptingObjects (0ms)
		CreateAndSetChildDomain (30ms)
	RebuildCommonClasses (26ms)
	RebuildNativeTypeToScriptingClass (7ms)
	initialDomainReloadingComplete (26ms)
	LoadAllAssembliesAndSetupDomain (207ms)
		LoadAssemblies (248ms)
		RebuildTransferFunctionScriptingTraits (0ms)
		AnalyzeDomain (17ms)
			TypeCache.Refresh (10ms)
				TypeCache.ScanAssembly (3ms)
			ScanForSourceGeneratedMonoScriptInfo (4ms)
			ResolveRequiredComponents (2ms)
	FinalizeReload (803ms)
		ReleaseScriptCaches (0ms)
		RebuildScriptCaches (0ms)
		SetupLoadedEditorAssemblies (532ms)
			LogAssemblyErrors (0ms)
			InitializePlatformSupportModulesInManaged (5ms)
			SetLoadedEditorAssemblies (4ms)
			RefreshPlugins (0ms)
			BeforeProcessingInitializeOnLoad (67ms)
			ProcessInitializeOnLoadAttributes (323ms)
			ProcessInitializeOnLoadMethodAttributes (128ms)
			AfterProcessingInitializeOnLoad (5ms)
			EditorAssembliesLoaded (0ms)
		ExecutionOrderSort2 (0ms)
		AwakeInstancesAfterBackupRestoration (6ms)
Refreshing native plugins compatible for Editor in 5.73 ms, found 2 plugins.
Preloading 0 native plugins for Editor in 0.00 ms.
Unloading 2567 Unused Serialized files (Serialized files now loaded: 0)
Unloading 16 unused Assets / (28.6 KB). Loaded Objects now: 3163.
Memory consumption went from 130.2 MB to 130.2 MB.
Total: 5.028100 ms (FindLiveObjects: 0.161100 ms CreateObjectMapping: 0.033800 ms MarkObjects: 4.795100 ms  DeleteObjects: 0.037000 ms)

Prepare: number of updated asset objects reloaded= 0
AssetImportParameters requested are different than current active one (requested -> active):
  custom:video-decoder-webm-vp8: 9c59270c3fd7afecdb556c50c9e8de78 -> 
  custom:SearchIndexIgnoredProperties: e643bd26f0fe6173181afceb89e7c659 -> 
  custom:container-demuxer-ogg: 62fdf1f143b41e24485cea50d1cbac27 -> 
  custom:AudioImporter_EditorPlatform: d09bf68614088b80899f8185d706f6e7 -> 
  custom:video-codec-MediaFoundation-h265: 746d11721c4dcdbdad8f713fa42b33f4 -> 
  custom:scripting/monoscript/fileName/NpcManager.cs: 9f4326f993fd7d51a4d1a73853d4ba31 -> 
  custom:video-decoder-ogg-theora: a1e56fd34408186e4bbccfd4996cb3dc -> 
  custom:scripting/monoscript/fileName/UIWindow.cs: 7db82bcecb4b958f30aed5044bc64212 -> 0e7898ffba56fd4251696ffffdb4e820
  custom:framework-win-MediaFoundation: 216162199b28c13a410421893ffa2e32 -> 
  custom:scripting/monoscript/fileName/UIMiniMap.cs: aa15a4a572f78937c1fa26384619a3de -> 
  custom:video-encoder-webm-vp8: eb34c28f22e8b96e1ab97ce403110664 -> 
  custom:audio-decoder-ogg-vorbis: bf7c407c2cedff20999df2af8eb42d56 -> 
  custom:CustomObjectIndexerAttribute: 9a22284fe3817be447336de3de66b15e -> 
  custom:container-demuxer-webm: 4f35f7cbe854078d1ac9338744f61a02 -> 
  custom:scripting/monoscript/fileName/TestManager.cs: e35120e74bab4bced52d717ecbc68775 -> 
  custom:audio-encoder-webm-vorbis: bf7c407c2cedff20999df2af8eb42d56 -> 
  custom:container-muxer-webm: aa71ff27fc2769a1b78a27578f13a17b -> 
  custom:scripting/monoscript/fileName/GameObjectManager.cs: 9d28bc19d4b44a5e0f0e05ca4ef15caa -> 5b6bf09c65110f6e9277a06c37dc6b07
========================================================================
Received Prepare
Caller must complete domain reload
Begin MonoManager ReloadAssembly
Duplicate assembly 'log4net.dll' with different versions detected, using 'Assets/References/log4net.dll, AssemblyName=log4net, Version=2.0.8.0, Culture=neutral, PublicKeyToken=null' and ignoring 'Packages/com.unity.collab-proxy/Lib/Editor/PlasticSCM/log4netPlastic.dll, AssemblyName=log4net, Version=1.2.15.0, Culture=neutral, PublicKeyToken=669e0ddf0bb1aa2a'.Duplicate assembly 'Newtonsoft.Json.dll' with different versions detected, using 'Packages/com.unity.nuget.newtonsoft-json/Runtime/Newtonsoft.Json.dll, AssemblyName=Newtonsoft.Json, Version=13.0.0.0, Culture=neutral, PublicKeyToken=30ad4fe6b2a6aeed' and ignoring 'Assets/JsonDotNet/Assemblies/Standalone/Newtonsoft.Json.dll, AssemblyName=Newtonsoft.Json, Version=8.0.0.0, Culture=neutral, PublicKeyToken=null'.Symbol file LoadedFromMemory is not a mono symbol file
Symbol file LoadedFromMemory is not a mono symbol file
Symbol file LoadedFromMemory is not a mono symbol file
- Loaded All Assemblies, in  0.408 seconds
Native extension for WindowsStandalone target not found
[Package Manager] Server::EnsureServerProcessIsRunning -- launch failed, reason: Unity was launched with the -noUpm command-line argument
[Package Manager] UpmClient::Send -- Unable to send message (not connected to UPM process).
[Package Manager] Cannot connect to Unity Package Manager local server
Mono: successfully reloaded assembly
- Finished resetting the current domain, in  0.857 seconds
Domain Reload Profiling: 1262ms
	BeginReloadAssembly (121ms)
		ExecutionOrderSort (0ms)
		DisableScriptedObjects (5ms)
		BackupInstance (0ms)
		ReleaseScriptingObjects (0ms)
		CreateAndSetChildDomain (30ms)
	RebuildCommonClasses (29ms)
	RebuildNativeTypeToScriptingClass (10ms)
	initialDomainReloadingComplete (29ms)
	LoadAllAssembliesAndSetupDomain (217ms)
		LoadAssemblies (256ms)
		RebuildTransferFunctionScriptingTraits (0ms)
		AnalyzeDomain (20ms)
			TypeCache.Refresh (10ms)
				TypeCache.ScanAssembly (3ms)
			ScanForSourceGeneratedMonoScriptInfo (5ms)
			ResolveRequiredComponents (3ms)
	FinalizeReload (857ms)
		ReleaseScriptCaches (0ms)
		RebuildScriptCaches (0ms)
		SetupLoadedEditorAssemblies (554ms)
			LogAssemblyErrors (0ms)
			InitializePlatformSupportModulesInManaged (7ms)
			SetLoadedEditorAssemblies (5ms)
			RefreshPlugins (0ms)
			BeforeProcessingInitializeOnLoad (79ms)
			ProcessInitializeOnLoadAttributes (321ms)
			ProcessInitializeOnLoadMethodAttributes (135ms)
			AfterProcessingInitializeOnLoad (8ms)
			EditorAssembliesLoaded (0ms)
		ExecutionOrderSort2 (0ms)
		AwakeInstancesAfterBackupRestoration (7ms)
Refreshing native plugins compatible for Editor in 7.79 ms, found 2 plugins.
Preloading 0 native plugins for Editor in 0.00 ms.
Unloading 2567 Unused Serialized files (Serialized files now loaded: 0)
Unloading 16 unused Assets / (28.7 KB). Loaded Objects now: 3166.
Memory consumption went from 130.2 MB to 130.2 MB.
Total: 5.710500 ms (FindLiveObjects: 0.261000 ms CreateObjectMapping: 0.102600 ms MarkObjects: 5.315900 ms  DeleteObjects: 0.030500 ms)

Prepare: number of updated asset objects reloaded= 0
AssetImportParameters requested are different than current active one (requested -> active):
  custom:video-decoder-webm-vp8: 9c59270c3fd7afecdb556c50c9e8de78 -> 
  custom:SearchIndexIgnoredProperties: e643bd26f0fe6173181afceb89e7c659 -> 
  custom:container-demuxer-ogg: 62fdf1f143b41e24485cea50d1cbac27 -> 
  custom:AudioImporter_EditorPlatform: d09bf68614088b80899f8185d706f6e7 -> 
  custom:video-codec-MediaFoundation-h265: 746d11721c4dcdbdad8f713fa42b33f4 -> 
  custom:scripting/monoscript/fileName/NpcManager.cs: 9f4326f993fd7d51a4d1a73853d4ba31 -> 
  custom:video-decoder-ogg-theora: a1e56fd34408186e4bbccfd4996cb3dc -> 
  custom:scripting/monoscript/fileName/UIWindow.cs: 7db82bcecb4b958f30aed5044bc64212 -> 0e7898ffba56fd4251696ffffdb4e820
  custom:framework-win-MediaFoundation: 216162199b28c13a410421893ffa2e32 -> 
  custom:scripting/monoscript/fileName/UIMiniMap.cs: aa15a4a572f78937c1fa26384619a3de -> 
  custom:video-encoder-webm-vp8: eb34c28f22e8b96e1ab97ce403110664 -> 
  custom:audio-decoder-ogg-vorbis: bf7c407c2cedff20999df2af8eb42d56 -> 
  custom:CustomObjectIndexerAttribute: 9a22284fe3817be447336de3de66b15e -> 
  custom:container-demuxer-webm: 4f35f7cbe854078d1ac9338744f61a02 -> 
  custom:scripting/monoscript/fileName/TestManager.cs: e35120e74bab4bced52d717ecbc68775 -> 
  custom:audio-encoder-webm-vorbis: bf7c407c2cedff20999df2af8eb42d56 -> 
  custom:container-muxer-webm: aa71ff27fc2769a1b78a27578f13a17b -> 
  custom:scripting/monoscript/fileName/GameObjectManager.cs: 9d28bc19d4b44a5e0f0e05ca4ef15caa -> 5b6bf09c65110f6e9277a06c37dc6b07
========================================================================
Received Prepare
Caller must complete domain reload
Begin MonoManager ReloadAssembly
Duplicate assembly 'log4net.dll' with different versions detected, using 'Assets/References/log4net.dll, AssemblyName=log4net, Version=2.0.8.0, Culture=neutral, PublicKeyToken=null' and ignoring 'Packages/com.unity.collab-proxy/Lib/Editor/PlasticSCM/log4netPlastic.dll, AssemblyName=log4net, Version=1.2.15.0, Culture=neutral, PublicKeyToken=669e0ddf0bb1aa2a'.Duplicate assembly 'Newtonsoft.Json.dll' with different versions detected, using 'Packages/com.unity.nuget.newtonsoft-json/Runtime/Newtonsoft.Json.dll, AssemblyName=Newtonsoft.Json, Version=13.0.0.0, Culture=neutral, PublicKeyToken=30ad4fe6b2a6aeed' and ignoring 'Assets/JsonDotNet/Assemblies/Standalone/Newtonsoft.Json.dll, AssemblyName=Newtonsoft.Json, Version=8.0.0.0, Culture=neutral, PublicKeyToken=null'.Symbol file LoadedFromMemory is not a mono symbol file
Symbol file LoadedFromMemory is not a mono symbol file
Symbol file LoadedFromMemory is not a mono symbol file
- Loaded All Assemblies, in  0.386 seconds
Native extension for WindowsStandalone target not found
[Package Manager] Server::EnsureServerProcessIsRunning -- launch failed, reason: Unity was launched with the -noUpm command-line argument
[Package Manager] UpmClient::Send -- Unable to send message (not connected to UPM process).
[Package Manager] Cannot connect to Unity Package Manager local server
Mono: successfully reloaded assembly
- Finished resetting the current domain, in  0.830 seconds
Domain Reload Profiling: 1214ms
	BeginReloadAssembly (118ms)
		ExecutionOrderSort (0ms)
		DisableScriptedObjects (5ms)
		BackupInstance (0ms)
		ReleaseScriptingObjects (0ms)
		CreateAndSetChildDomain (34ms)
	RebuildCommonClasses (28ms)
	RebuildNativeTypeToScriptingClass (9ms)
	initialDomainReloadingComplete (22ms)
	LoadAllAssembliesAndSetupDomain (206ms)
		LoadAssemblies (240ms)
		RebuildTransferFunctionScriptingTraits (0ms)
		AnalyzeDomain (18ms)
			TypeCache.Refresh (9ms)
				TypeCache.ScanAssembly (3ms)
			ScanForSourceGeneratedMonoScriptInfo (5ms)
			ResolveRequiredComponents (3ms)
	FinalizeReload (830ms)
		ReleaseScriptCaches (0ms)
		RebuildScriptCaches (0ms)
		SetupLoadedEditorAssemblies (536ms)
			LogAssemblyErrors (0ms)
			InitializePlatformSupportModulesInManaged (8ms)
			SetLoadedEditorAssemblies (4ms)
			RefreshPlugins (0ms)
			BeforeProcessingInitializeOnLoad (89ms)
			ProcessInitializeOnLoadAttributes (309ms)
			ProcessInitializeOnLoadMethodAttributes (121ms)
			AfterProcessingInitializeOnLoad (5ms)
			EditorAssembliesLoaded (0ms)
		ExecutionOrderSort2 (0ms)
		AwakeInstancesAfterBackupRestoration (8ms)
Refreshing native plugins compatible for Editor in 7.66 ms, found 2 plugins.
Preloading 0 native plugins for Editor in 0.00 ms.
Unloading 2567 Unused Serialized files (Serialized files now loaded: 0)
Unloading 16 unused Assets / (28.6 KB). Loaded Objects now: 3169.
Memory consumption went from 130.2 MB to 130.2 MB.
Total: 5.143000 ms (FindLiveObjects: 0.155400 ms CreateObjectMapping: 0.034000 ms MarkObjects: 4.914400 ms  DeleteObjects: 0.038600 ms)

Prepare: number of updated asset objects reloaded= 0
AssetImportParameters requested are different than current active one (requested -> active):
  custom:video-decoder-webm-vp8: 9c59270c3fd7afecdb556c50c9e8de78 -> 
  custom:SearchIndexIgnoredProperties: e643bd26f0fe6173181afceb89e7c659 -> 
  custom:container-demuxer-ogg: 62fdf1f143b41e24485cea50d1cbac27 -> 
  custom:AudioImporter_EditorPlatform: d09bf68614088b80899f8185d706f6e7 -> 
  custom:video-codec-MediaFoundation-h265: 746d11721c4dcdbdad8f713fa42b33f4 -> 
  custom:scripting/monoscript/fileName/NpcManager.cs: 9f4326f993fd7d51a4d1a73853d4ba31 -> 
  custom:video-decoder-ogg-theora: a1e56fd34408186e4bbccfd4996cb3dc -> 
  custom:scripting/monoscript/fileName/UIWindow.cs: 7db82bcecb4b958f30aed5044bc64212 -> 0e7898ffba56fd4251696ffffdb4e820
  custom:framework-win-MediaFoundation: 216162199b28c13a410421893ffa2e32 -> 
  custom:scripting/monoscript/fileName/UIMiniMap.cs: aa15a4a572f78937c1fa26384619a3de -> 
  custom:video-encoder-webm-vp8: eb34c28f22e8b96e1ab97ce403110664 -> 
  custom:audio-decoder-ogg-vorbis: bf7c407c2cedff20999df2af8eb42d56 -> 
  custom:CustomObjectIndexerAttribute: 9a22284fe3817be447336de3de66b15e -> 
  custom:container-demuxer-webm: 4f35f7cbe854078d1ac9338744f61a02 -> 
  custom:scripting/monoscript/fileName/TestManager.cs: e35120e74bab4bced52d717ecbc68775 -> 
  custom:audio-encoder-webm-vorbis: bf7c407c2cedff20999df2af8eb42d56 -> 
  custom:container-muxer-webm: aa71ff27fc2769a1b78a27578f13a17b -> 
  custom:scripting/monoscript/fileName/GameObjectManager.cs: 9d28bc19d4b44a5e0f0e05ca4ef15caa -> 5b6bf09c65110f6e9277a06c37dc6b07
========================================================================
Received Prepare
Caller must complete domain reload
Begin MonoManager ReloadAssembly
Duplicate assembly 'log4net.dll' with different versions detected, using 'Assets/References/log4net.dll, AssemblyName=log4net, Version=2.0.8.0, Culture=neutral, PublicKeyToken=null' and ignoring 'Packages/com.unity.collab-proxy/Lib/Editor/PlasticSCM/log4netPlastic.dll, AssemblyName=log4net, Version=1.2.15.0, Culture=neutral, PublicKeyToken=669e0ddf0bb1aa2a'.Duplicate assembly 'Newtonsoft.Json.dll' with different versions detected, using 'Packages/com.unity.nuget.newtonsoft-json/Runtime/Newtonsoft.Json.dll, AssemblyName=Newtonsoft.Json, Version=13.0.0.0, Culture=neutral, PublicKeyToken=30ad4fe6b2a6aeed' and ignoring 'Assets/JsonDotNet/Assemblies/Standalone/Newtonsoft.Json.dll, AssemblyName=Newtonsoft.Json, Version=8.0.0.0, Culture=neutral, PublicKeyToken=null'.Symbol file LoadedFromMemory is not a mono symbol file
Symbol file LoadedFromMemory is not a mono symbol file
Symbol file LoadedFromMemory is not a mono symbol file
- Loaded All Assemblies, in  0.400 seconds
Native extension for WindowsStandalone target not found
[Package Manager] Server::EnsureServerProcessIsRunning -- launch failed, reason: Unity was launched with the -noUpm command-line argument
[Package Manager] UpmClient::Send -- Unable to send message (not connected to UPM process).
[Package Manager] Cannot connect to Unity Package Manager local server
Mono: successfully reloaded assembly
- Finished resetting the current domain, in  0.778 seconds
Domain Reload Profiling: 1176ms
	BeginReloadAssembly (126ms)
		ExecutionOrderSort (0ms)
		DisableScriptedObjects (5ms)
		BackupInstance (0ms)
		ReleaseScriptingObjects (0ms)
		CreateAndSetChildDomain (32ms)
	RebuildCommonClasses (27ms)
	RebuildNativeTypeToScriptingClass (9ms)
	initialDomainReloadingComplete (25ms)
	LoadAllAssembliesAndSetupDomain (210ms)
		LoadAssemblies (252ms)
		RebuildTransferFunctionScriptingTraits (0ms)
		AnalyzeDomain (19ms)
			TypeCache.Refresh (10ms)
				TypeCache.ScanAssembly (3ms)
			ScanForSourceGeneratedMonoScriptInfo (5ms)
			ResolveRequiredComponents (2ms)
	FinalizeReload (778ms)
		ReleaseScriptCaches (0ms)
		RebuildScriptCaches (0ms)
		SetupLoadedEditorAssemblies (497ms)
			LogAssemblyErrors (0ms)
			InitializePlatformSupportModulesInManaged (5ms)
			SetLoadedEditorAssemblies (4ms)
			RefreshPlugins (0ms)
			BeforeProcessingInitializeOnLoad (57ms)
			ProcessInitializeOnLoadAttributes (294ms)
			ProcessInitializeOnLoadMethodAttributes (131ms)
			AfterProcessingInitializeOnLoad (5ms)
			EditorAssembliesLoaded (0ms)
		ExecutionOrderSort2 (0ms)
		AwakeInstancesAfterBackupRestoration (6ms)
Refreshing native plugins compatible for Editor in 7.80 ms, found 2 plugins.
Preloading 0 native plugins for Editor in 0.00 ms.
Unloading 2567 Unused Serialized files (Serialized files now loaded: 0)
Unloading 16 unused Assets / (28.6 KB). Loaded Objects now: 3172.
Memory consumption went from 130.2 MB to 130.2 MB.
Total: 5.736800 ms (FindLiveObjects: 0.338400 ms CreateObjectMapping: 0.058300 ms MarkObjects: 5.299800 ms  DeleteObjects: 0.039300 ms)

Prepare: number of updated asset objects reloaded= 0
AssetImportParameters requested are different than current active one (requested -> active):
  custom:video-decoder-webm-vp8: 9c59270c3fd7afecdb556c50c9e8de78 -> 
  custom:SearchIndexIgnoredProperties: e643bd26f0fe6173181afceb89e7c659 -> 
  custom:container-demuxer-ogg: 62fdf1f143b41e24485cea50d1cbac27 -> 
  custom:AudioImporter_EditorPlatform: d09bf68614088b80899f8185d706f6e7 -> 
  custom:video-codec-MediaFoundation-h265: 746d11721c4dcdbdad8f713fa42b33f4 -> 
  custom:scripting/monoscript/fileName/NpcManager.cs: 9f4326f993fd7d51a4d1a73853d4ba31 -> 
  custom:video-decoder-ogg-theora: a1e56fd34408186e4bbccfd4996cb3dc -> 
  custom:scripting/monoscript/fileName/UIWindow.cs: 7db82bcecb4b958f30aed5044bc64212 -> 0e7898ffba56fd4251696ffffdb4e820
  custom:framework-win-MediaFoundation: 216162199b28c13a410421893ffa2e32 -> 
  custom:scripting/monoscript/fileName/UIMiniMap.cs: aa15a4a572f78937c1fa26384619a3de -> 
  custom:video-encoder-webm-vp8: eb34c28f22e8b96e1ab97ce403110664 -> 
  custom:audio-decoder-ogg-vorbis: bf7c407c2cedff20999df2af8eb42d56 -> 
  custom:CustomObjectIndexerAttribute: 9a22284fe3817be447336de3de66b15e -> 
  custom:container-demuxer-webm: 4f35f7cbe854078d1ac9338744f61a02 -> 
  custom:scripting/monoscript/fileName/TestManager.cs: e35120e74bab4bced52d717ecbc68775 -> 
  custom:audio-encoder-webm-vorbis: bf7c407c2cedff20999df2af8eb42d56 -> 
  custom:container-muxer-webm: aa71ff27fc2769a1b78a27578f13a17b -> 
  custom:scripting/monoscript/fileName/GameObjectManager.cs: 9d28bc19d4b44a5e0f0e05ca4ef15caa -> 5b6bf09c65110f6e9277a06c37dc6b07
========================================================================
Received Prepare
Caller must complete domain reload
Begin MonoManager ReloadAssembly
Duplicate assembly 'log4net.dll' with different versions detected, using 'Assets/References/log4net.dll, AssemblyName=log4net, Version=2.0.8.0, Culture=neutral, PublicKeyToken=null' and ignoring 'Packages/com.unity.collab-proxy/Lib/Editor/PlasticSCM/log4netPlastic.dll, AssemblyName=log4net, Version=1.2.15.0, Culture=neutral, PublicKeyToken=669e0ddf0bb1aa2a'.Duplicate assembly 'Newtonsoft.Json.dll' with different versions detected, using 'Packages/com.unity.nuget.newtonsoft-json/Runtime/Newtonsoft.Json.dll, AssemblyName=Newtonsoft.Json, Version=13.0.0.0, Culture=neutral, PublicKeyToken=30ad4fe6b2a6aeed' and ignoring 'Assets/JsonDotNet/Assemblies/Standalone/Newtonsoft.Json.dll, AssemblyName=Newtonsoft.Json, Version=8.0.0.0, Culture=neutral, PublicKeyToken=null'.Symbol file LoadedFromMemory is not a mono symbol file
Symbol file LoadedFromMemory is not a mono symbol file
Symbol file LoadedFromMemory is not a mono symbol file
- Loaded All Assemblies, in  0.395 seconds
Native extension for WindowsStandalone target not found
[Package Manager] Server::EnsureServerProcessIsRunning -- launch failed, reason: Unity was launched with the -noUpm command-line argument
[Package Manager] UpmClient::Send -- Unable to send message (not connected to UPM process).
[Package Manager] Cannot connect to Unity Package Manager local server
Mono: successfully reloaded assembly
- Finished resetting the current domain, in  0.797 seconds
Domain Reload Profiling: 1189ms
	BeginReloadAssembly (118ms)
		ExecutionOrderSort (0ms)
		DisableScriptedObjects (5ms)
		BackupInstance (0ms)
		ReleaseScriptingObjects (0ms)
		CreateAndSetChildDomain (31ms)
	RebuildCommonClasses (24ms)
	RebuildNativeTypeToScriptingClass (9ms)
	initialDomainReloadingComplete (24ms)
	LoadAllAssembliesAndSetupDomain (217ms)
		LoadAssemblies (254ms)
		RebuildTransferFunctionScriptingTraits (0ms)
		AnalyzeDomain (17ms)
			TypeCache.Refresh (9ms)
				TypeCache.ScanAssembly (3ms)
			ScanForSourceGeneratedMonoScriptInfo (5ms)
			ResolveRequiredComponents (2ms)
	FinalizeReload (797ms)
		ReleaseScriptCaches (0ms)
		RebuildScriptCaches (0ms)
		SetupLoadedEditorAssemblies (514ms)
			LogAssemblyErrors (0ms)
			InitializePlatformSupportModulesInManaged (5ms)
			SetLoadedEditorAssemblies (4ms)
			RefreshPlugins (0ms)
			BeforeProcessingInitializeOnLoad (67ms)
			ProcessInitializeOnLoadAttributes (300ms)
			ProcessInitializeOnLoadMethodAttributes (126ms)
			AfterProcessingInitializeOnLoad (10ms)
			EditorAssembliesLoaded (0ms)
		ExecutionOrderSort2 (0ms)
		AwakeInstancesAfterBackupRestoration (6ms)
Refreshing native plugins compatible for Editor in 10.48 ms, found 2 plugins.
Preloading 0 native plugins for Editor in 0.00 ms.
Unloading 2567 Unused Serialized files (Serialized files now loaded: 0)
Unloading 16 unused Assets / (28.6 KB). Loaded Objects now: 3175.
Memory consumption went from 130.2 MB to 130.2 MB.
Total: 6.669300 ms (FindLiveObjects: 0.281400 ms CreateObjectMapping: 0.086200 ms MarkObjects: 6.260200 ms  DeleteObjects: 0.040000 ms)

Prepare: number of updated asset objects reloaded= 0
AssetImportParameters requested are different than current active one (requested -> active):
  custom:video-decoder-webm-vp8: 9c59270c3fd7afecdb556c50c9e8de78 -> 
  custom:SearchIndexIgnoredProperties: e643bd26f0fe6173181afceb89e7c659 -> 
  custom:container-demuxer-ogg: 62fdf1f143b41e24485cea50d1cbac27 -> 
  custom:AudioImporter_EditorPlatform: d09bf68614088b80899f8185d706f6e7 -> 
  custom:video-codec-MediaFoundation-h265: 746d11721c4dcdbdad8f713fa42b33f4 -> 
  custom:scripting/monoscript/fileName/NpcManager.cs: 9f4326f993fd7d51a4d1a73853d4ba31 -> 
  custom:video-decoder-ogg-theora: a1e56fd34408186e4bbccfd4996cb3dc -> 
  custom:scripting/monoscript/fileName/UIWindow.cs: 7db82bcecb4b958f30aed5044bc64212 -> 0e7898ffba56fd4251696ffffdb4e820
  custom:framework-win-MediaFoundation: 216162199b28c13a410421893ffa2e32 -> 
  custom:scripting/monoscript/fileName/UIMiniMap.cs: aa15a4a572f78937c1fa26384619a3de -> 
  custom:video-encoder-webm-vp8: eb34c28f22e8b96e1ab97ce403110664 -> 
  custom:audio-decoder-ogg-vorbis: bf7c407c2cedff20999df2af8eb42d56 -> 
  custom:CustomObjectIndexerAttribute: 9a22284fe3817be447336de3de66b15e -> 
  custom:container-demuxer-webm: 4f35f7cbe854078d1ac9338744f61a02 -> 
  custom:scripting/monoscript/fileName/TestManager.cs: e35120e74bab4bced52d717ecbc68775 -> 
  custom:audio-encoder-webm-vorbis: bf7c407c2cedff20999df2af8eb42d56 -> 
  custom:container-muxer-webm: aa71ff27fc2769a1b78a27578f13a17b -> 
  custom:scripting/monoscript/fileName/GameObjectManager.cs: 9d28bc19d4b44a5e0f0e05ca4ef15caa -> 5b6bf09c65110f6e9277a06c37dc6b07
========================================================================
Received Prepare
Caller must complete domain reload
Begin MonoManager ReloadAssembly
Duplicate assembly 'log4net.dll' with different versions detected, using 'Assets/References/log4net.dll, AssemblyName=log4net, Version=2.0.8.0, Culture=neutral, PublicKeyToken=null' and ignoring 'Packages/com.unity.collab-proxy/Lib/Editor/PlasticSCM/log4netPlastic.dll, AssemblyName=log4net, Version=1.2.15.0, Culture=neutral, PublicKeyToken=669e0ddf0bb1aa2a'.Duplicate assembly 'Newtonsoft.Json.dll' with different versions detected, using 'Packages/com.unity.nuget.newtonsoft-json/Runtime/Newtonsoft.Json.dll, AssemblyName=Newtonsoft.Json, Version=13.0.0.0, Culture=neutral, PublicKeyToken=30ad4fe6b2a6aeed' and ignoring 'Assets/JsonDotNet/Assemblies/Standalone/Newtonsoft.Json.dll, AssemblyName=Newtonsoft.Json, Version=8.0.0.0, Culture=neutral, PublicKeyToken=null'.Symbol file LoadedFromMemory is not a mono symbol file
Symbol file LoadedFromMemory is not a mono symbol file
Symbol file LoadedFromMemory is not a mono symbol file
- Loaded All Assemblies, in  0.419 seconds
Native extension for WindowsStandalone target not found
[Package Manager] Server::EnsureServerProcessIsRunning -- launch failed, reason: Unity was launched with the -noUpm command-line argument
[Package Manager] UpmClient::Send -- Unable to send message (not connected to UPM process).
[Package Manager] Cannot connect to Unity Package Manager local server
Mono: successfully reloaded assembly
- Finished resetting the current domain, in  0.756 seconds
Domain Reload Profiling: 1172ms
	BeginReloadAssembly (130ms)
		ExecutionOrderSort (0ms)
		DisableScriptedObjects (4ms)
		BackupInstance (0ms)
		ReleaseScriptingObjects (0ms)
		CreateAndSetChildDomain (35ms)
	RebuildCommonClasses (25ms)
	RebuildNativeTypeToScriptingClass (9ms)
	initialDomainReloadingComplete (27ms)
	LoadAllAssembliesAndSetupDomain (223ms)
		LoadAssemblies (267ms)
		RebuildTransferFunctionScriptingTraits (0ms)
		AnalyzeDomain (19ms)
			TypeCache.Refresh (9ms)
				TypeCache.ScanAssembly (3ms)
			ScanForSourceGeneratedMonoScriptInfo (6ms)
			ResolveRequiredComponents (2ms)
	FinalizeReload (757ms)
		ReleaseScriptCaches (0ms)
		RebuildScriptCaches (0ms)
		SetupLoadedEditorAssemblies (477ms)
			LogAssemblyErrors (0ms)
			InitializePlatformSupportModulesInManaged (4ms)
			SetLoadedEditorAssemblies (3ms)
			RefreshPlugins (0ms)
			BeforeProcessingInitializeOnLoad (68ms)
			ProcessInitializeOnLoadAttributes (286ms)
			ProcessInitializeOnLoadMethodAttributes (111ms)
			AfterProcessingInitializeOnLoad (4ms)
			EditorAssembliesLoaded (0ms)
		ExecutionOrderSort2 (0ms)
		AwakeInstancesAfterBackupRestoration (6ms)
Refreshing native plugins compatible for Editor in 9.00 ms, found 2 plugins.
Preloading 0 native plugins for Editor in 0.00 ms.
Unloading 2567 Unused Serialized files (Serialized files now loaded: 0)
Unloading 16 unused Assets / (28.5 KB). Loaded Objects now: 3178.
Memory consumption went from 130.2 MB to 130.2 MB.
Total: 6.631300 ms (FindLiveObjects: 0.284200 ms CreateObjectMapping: 0.122700 ms MarkObjects: 6.186100 ms  DeleteObjects: 0.037100 ms)

Prepare: number of updated asset objects reloaded= 0
AssetImportParameters requested are different than current active one (requested -> active):
  custom:video-decoder-webm-vp8: 9c59270c3fd7afecdb556c50c9e8de78 -> 
  custom:SearchIndexIgnoredProperties: e643bd26f0fe6173181afceb89e7c659 -> 
  custom:container-demuxer-ogg: 62fdf1f143b41e24485cea50d1cbac27 -> 
  custom:AudioImporter_EditorPlatform: d09bf68614088b80899f8185d706f6e7 -> 
  custom:video-codec-MediaFoundation-h265: 746d11721c4dcdbdad8f713fa42b33f4 -> 
  custom:scripting/monoscript/fileName/NpcManager.cs: 9f4326f993fd7d51a4d1a73853d4ba31 -> 
  custom:video-decoder-ogg-theora: a1e56fd34408186e4bbccfd4996cb3dc -> 
  custom:scripting/monoscript/fileName/UIWindow.cs: 7db82bcecb4b958f30aed5044bc64212 -> 0e7898ffba56fd4251696ffffdb4e820
  custom:framework-win-MediaFoundation: 216162199b28c13a410421893ffa2e32 -> 
  custom:scripting/monoscript/fileName/UIMiniMap.cs: aa15a4a572f78937c1fa26384619a3de -> 
  custom:video-encoder-webm-vp8: eb34c28f22e8b96e1ab97ce403110664 -> 
  custom:audio-decoder-ogg-vorbis: bf7c407c2cedff20999df2af8eb42d56 -> 
  custom:CustomObjectIndexerAttribute: 9a22284fe3817be447336de3de66b15e -> 
  custom:container-demuxer-webm: 4f35f7cbe854078d1ac9338744f61a02 -> 
  custom:scripting/monoscript/fileName/TestManager.cs: e35120e74bab4bced52d717ecbc68775 -> 
  custom:audio-encoder-webm-vorbis: bf7c407c2cedff20999df2af8eb42d56 -> 
  custom:container-muxer-webm: aa71ff27fc2769a1b78a27578f13a17b -> 
  custom:scripting/monoscript/fileName/GameObjectManager.cs: 9d28bc19d4b44a5e0f0e05ca4ef15caa -> 5b6bf09c65110f6e9277a06c37dc6b07
========================================================================
Received Prepare
Caller must complete domain reload
Begin MonoManager ReloadAssembly
Duplicate assembly 'log4net.dll' with different versions detected, using 'Assets/References/log4net.dll, AssemblyName=log4net, Version=2.0.8.0, Culture=neutral, PublicKeyToken=null' and ignoring 'Packages/com.unity.collab-proxy/Lib/Editor/PlasticSCM/log4netPlastic.dll, AssemblyName=log4net, Version=1.2.15.0, Culture=neutral, PublicKeyToken=669e0ddf0bb1aa2a'.Duplicate assembly 'Newtonsoft.Json.dll' with different versions detected, using 'Packages/com.unity.nuget.newtonsoft-json/Runtime/Newtonsoft.Json.dll, AssemblyName=Newtonsoft.Json, Version=13.0.0.0, Culture=neutral, PublicKeyToken=30ad4fe6b2a6aeed' and ignoring 'Assets/JsonDotNet/Assemblies/Standalone/Newtonsoft.Json.dll, AssemblyName=Newtonsoft.Json, Version=8.0.0.0, Culture=neutral, PublicKeyToken=null'.Symbol file LoadedFromMemory is not a mono symbol file
Symbol file LoadedFromMemory is not a mono symbol file
Symbol file LoadedFromMemory is not a mono symbol file
- Loaded All Assemblies, in  0.395 seconds
Native extension for WindowsStandalone target not found
[Package Manager] Server::EnsureServerProcessIsRunning -- launch failed, reason: Unity was launched with the -noUpm command-line argument
[Package Manager] UpmClient::Send -- Unable to send message (not connected to UPM process).
[Package Manager] Cannot connect to Unity Package Manager local server
Mono: successfully reloaded assembly
- Finished resetting the current domain, in  0.770 seconds
Domain Reload Profiling: 1162ms
	BeginReloadAssembly (121ms)
		ExecutionOrderSort (0ms)
		DisableScriptedObjects (5ms)
		BackupInstance (0ms)
		ReleaseScriptingObjects (0ms)
		CreateAndSetChildDomain (32ms)
	RebuildCommonClasses (27ms)
	RebuildNativeTypeToScriptingClass (9ms)
	initialDomainReloadingComplete (24ms)
	LoadAllAssembliesAndSetupDomain (211ms)
		LoadAssemblies (250ms)
		RebuildTransferFunctionScriptingTraits (0ms)
		AnalyzeDomain (21ms)
			TypeCache.Refresh (11ms)
				TypeCache.ScanAssembly (4ms)
			ScanForSourceGeneratedMonoScriptInfo (6ms)
			ResolveRequiredComponents (2ms)
	FinalizeReload (770ms)
		ReleaseScriptCaches (0ms)
		RebuildScriptCaches (0ms)
		SetupLoadedEditorAssemblies (489ms)
			LogAssemblyErrors (0ms)
			InitializePlatformSupportModulesInManaged (4ms)
			SetLoadedEditorAssemblies (4ms)
			RefreshPlugins (0ms)
			BeforeProcessingInitializeOnLoad (68ms)
			ProcessInitializeOnLoadAttributes (281ms)
			ProcessInitializeOnLoadMethodAttributes (127ms)
			AfterProcessingInitializeOnLoad (5ms)
			EditorAssembliesLoaded (0ms)
		ExecutionOrderSort2 (0ms)
		AwakeInstancesAfterBackupRestoration (6ms)
Refreshing native plugins compatible for Editor in 8.40 ms, found 2 plugins.
Preloading 0 native plugins for Editor in 0.00 ms.
Unloading 2567 Unused Serialized files (Serialized files now loaded: 0)
Unloading 16 unused Assets / (28.6 KB). Loaded Objects now: 3181.
Memory consumption went from 130.2 MB to 130.2 MB.
Total: 7.930100 ms (FindLiveObjects: 0.277600 ms CreateObjectMapping: 0.047500 ms MarkObjects: 7.550300 ms  DeleteObjects: 0.053400 ms)

Prepare: number of updated asset objects reloaded= 0
AssetImportParameters requested are different than current active one (requested -> active):
  custom:video-decoder-webm-vp8: 9c59270c3fd7afecdb556c50c9e8de78 -> 
  custom:SearchIndexIgnoredProperties: e643bd26f0fe6173181afceb89e7c659 -> 
  custom:container-demuxer-ogg: 62fdf1f143b41e24485cea50d1cbac27 -> 
  custom:AudioImporter_EditorPlatform: d09bf68614088b80899f8185d706f6e7 -> 
  custom:video-codec-MediaFoundation-h265: 746d11721c4dcdbdad8f713fa42b33f4 -> 
  custom:scripting/monoscript/fileName/NpcManager.cs: 9f4326f993fd7d51a4d1a73853d4ba31 -> 
  custom:video-decoder-ogg-theora: a1e56fd34408186e4bbccfd4996cb3dc -> 
  custom:scripting/monoscript/fileName/UIWindow.cs: 7db82bcecb4b958f30aed5044bc64212 -> 0e7898ffba56fd4251696ffffdb4e820
  custom:framework-win-MediaFoundation: 216162199b28c13a410421893ffa2e32 -> 
  custom:scripting/monoscript/fileName/UIMiniMap.cs: aa15a4a572f78937c1fa26384619a3de -> 
  custom:video-encoder-webm-vp8: eb34c28f22e8b96e1ab97ce403110664 -> 
  custom:audio-decoder-ogg-vorbis: bf7c407c2cedff20999df2af8eb42d56 -> 
  custom:CustomObjectIndexerAttribute: 9a22284fe3817be447336de3de66b15e -> 
  custom:container-demuxer-webm: 4f35f7cbe854078d1ac9338744f61a02 -> 
  custom:scripting/monoscript/fileName/TestManager.cs: e35120e74bab4bced52d717ecbc68775 -> 
  custom:audio-encoder-webm-vorbis: bf7c407c2cedff20999df2af8eb42d56 -> 
  custom:container-muxer-webm: aa71ff27fc2769a1b78a27578f13a17b -> 
  custom:scripting/monoscript/fileName/GameObjectManager.cs: 9d28bc19d4b44a5e0f0e05ca4ef15caa -> 5b6bf09c65110f6e9277a06c37dc6b07
========================================================================
Received Prepare
Caller must complete domain reload
Begin MonoManager ReloadAssembly
Duplicate assembly 'log4net.dll' with different versions detected, using 'Assets/References/log4net.dll, AssemblyName=log4net, Version=2.0.8.0, Culture=neutral, PublicKeyToken=null' and ignoring 'Packages/com.unity.collab-proxy/Lib/Editor/PlasticSCM/log4netPlastic.dll, AssemblyName=log4net, Version=1.2.15.0, Culture=neutral, PublicKeyToken=669e0ddf0bb1aa2a'.Duplicate assembly 'Newtonsoft.Json.dll' with different versions detected, using 'Packages/com.unity.nuget.newtonsoft-json/Runtime/Newtonsoft.Json.dll, AssemblyName=Newtonsoft.Json, Version=13.0.0.0, Culture=neutral, PublicKeyToken=30ad4fe6b2a6aeed' and ignoring 'Assets/JsonDotNet/Assemblies/Standalone/Newtonsoft.Json.dll, AssemblyName=Newtonsoft.Json, Version=8.0.0.0, Culture=neutral, PublicKeyToken=null'.Symbol file LoadedFromMemory is not a mono symbol file
Symbol file LoadedFromMemory is not a mono symbol file
Symbol file LoadedFromMemory is not a mono symbol file
- Loaded All Assemblies, in  0.374 seconds
Native extension for WindowsStandalone target not found
[Package Manager] Server::EnsureServerProcessIsRunning -- launch failed, reason: Unity was launched with the -noUpm command-line argument
[Package Manager] UpmClient::Send -- Unable to send message (not connected to UPM process).
[Package Manager] Cannot connect to Unity Package Manager local server
Mono: successfully reloaded assembly
- Finished resetting the current domain, in  0.783 seconds
Domain Reload Profiling: 1155ms
	BeginReloadAssembly (117ms)
		ExecutionOrderSort (0ms)
		DisableScriptedObjects (4ms)
		BackupInstance (0ms)
		ReleaseScriptingObjects (0ms)
		CreateAndSetChildDomain (32ms)
	RebuildCommonClasses (25ms)
	RebuildNativeTypeToScriptingClass (8ms)
	initialDomainReloadingComplete (25ms)
	LoadAllAssembliesAndSetupDomain (196ms)
		LoadAssemblies (235ms)
		RebuildTransferFunctionScriptingTraits (0ms)
		AnalyzeDomain (17ms)
			TypeCache.Refresh (8ms)
				TypeCache.ScanAssembly (2ms)
			ScanForSourceGeneratedMonoScriptInfo (4ms)
			ResolveRequiredComponents (3ms)
	FinalizeReload (784ms)
		ReleaseScriptCaches (0ms)
		RebuildScriptCaches (0ms)
		SetupLoadedEditorAssemblies (514ms)
			LogAssemblyErrors (0ms)
			InitializePlatformSupportModulesInManaged (6ms)
			SetLoadedEditorAssemblies (4ms)
			RefreshPlugins (0ms)
			BeforeProcessingInitializeOnLoad (79ms)
			ProcessInitializeOnLoadAttributes (297ms)
			ProcessInitializeOnLoadMethodAttributes (121ms)
			AfterProcessingInitializeOnLoad (5ms)
			EditorAssembliesLoaded (0ms)
		ExecutionOrderSort2 (0ms)
		AwakeInstancesAfterBackupRestoration (7ms)
Refreshing native plugins compatible for Editor in 7.69 ms, found 2 plugins.
Preloading 0 native plugins for Editor in 0.00 ms.
Unloading 2567 Unused Serialized files (Serialized files now loaded: 0)
Unloading 16 unused Assets / (28.7 KB). Loaded Objects now: 3184.
Memory consumption went from 130.2 MB to 130.2 MB.
Total: 5.129900 ms (FindLiveObjects: 0.200800 ms CreateObjectMapping: 0.067100 ms MarkObjects: 4.817300 ms  DeleteObjects: 0.043800 ms)

Prepare: number of updated asset objects reloaded= 0
AssetImportParameters requested are different than current active one (requested -> active):
  custom:video-decoder-webm-vp8: 9c59270c3fd7afecdb556c50c9e8de78 -> 
  custom:SearchIndexIgnoredProperties: e643bd26f0fe6173181afceb89e7c659 -> 
  custom:container-demuxer-ogg: 62fdf1f143b41e24485cea50d1cbac27 -> 
  custom:AudioImporter_EditorPlatform: d09bf68614088b80899f8185d706f6e7 -> 
  custom:video-codec-MediaFoundation-h265: 746d11721c4dcdbdad8f713fa42b33f4 -> 
  custom:scripting/monoscript/fileName/NpcManager.cs: 9f4326f993fd7d51a4d1a73853d4ba31 -> 
  custom:video-decoder-ogg-theora: a1e56fd34408186e4bbccfd4996cb3dc -> 
  custom:scripting/monoscript/fileName/UIWindow.cs: 7db82bcecb4b958f30aed5044bc64212 -> 0e7898ffba56fd4251696ffffdb4e820
  custom:framework-win-MediaFoundation: 216162199b28c13a410421893ffa2e32 -> 
  custom:scripting/monoscript/fileName/UIMiniMap.cs: aa15a4a572f78937c1fa26384619a3de -> 
  custom:video-encoder-webm-vp8: eb34c28f22e8b96e1ab97ce403110664 -> 
  custom:audio-decoder-ogg-vorbis: bf7c407c2cedff20999df2af8eb42d56 -> 
  custom:CustomObjectIndexerAttribute: 9a22284fe3817be447336de3de66b15e -> 
  custom:container-demuxer-webm: 4f35f7cbe854078d1ac9338744f61a02 -> 
  custom:scripting/monoscript/fileName/TestManager.cs: e35120e74bab4bced52d717ecbc68775 -> 
  custom:audio-encoder-webm-vorbis: bf7c407c2cedff20999df2af8eb42d56 -> 
  custom:container-muxer-webm: aa71ff27fc2769a1b78a27578f13a17b -> 
  custom:scripting/monoscript/fileName/GameObjectManager.cs: 9d28bc19d4b44a5e0f0e05ca4ef15caa -> 5b6bf09c65110f6e9277a06c37dc6b07
========================================================================
Received Prepare
Caller must complete domain reload
Begin MonoManager ReloadAssembly
Duplicate assembly 'log4net.dll' with different versions detected, using 'Assets/References/log4net.dll, AssemblyName=log4net, Version=2.0.8.0, Culture=neutral, PublicKeyToken=null' and ignoring 'Packages/com.unity.collab-proxy/Lib/Editor/PlasticSCM/log4netPlastic.dll, AssemblyName=log4net, Version=1.2.15.0, Culture=neutral, PublicKeyToken=669e0ddf0bb1aa2a'.Duplicate assembly 'Newtonsoft.Json.dll' with different versions detected, using 'Packages/com.unity.nuget.newtonsoft-json/Runtime/Newtonsoft.Json.dll, AssemblyName=Newtonsoft.Json, Version=13.0.0.0, Culture=neutral, PublicKeyToken=30ad4fe6b2a6aeed' and ignoring 'Assets/JsonDotNet/Assemblies/Standalone/Newtonsoft.Json.dll, AssemblyName=Newtonsoft.Json, Version=8.0.0.0, Culture=neutral, PublicKeyToken=null'.Symbol file LoadedFromMemory is not a mono symbol file
Symbol file LoadedFromMemory is not a mono symbol file
Symbol file LoadedFromMemory is not a mono symbol file
- Loaded All Assemblies, in  0.427 seconds
Native extension for WindowsStandalone target not found
[Package Manager] Server::EnsureServerProcessIsRunning -- launch failed, reason: Unity was launched with the -noUpm command-line argument
[Package Manager] UpmClient::Send -- Unable to send message (not connected to UPM process).
[Package Manager] Cannot connect to Unity Package Manager local server
Mono: successfully reloaded assembly
- Finished resetting the current domain, in  0.778 seconds
Domain Reload Profiling: 1202ms
	BeginReloadAssembly (139ms)
		ExecutionOrderSort (0ms)
		DisableScriptedObjects (5ms)
		BackupInstance (0ms)
		ReleaseScriptingObjects (0ms)
		CreateAndSetChildDomain (39ms)
	RebuildCommonClasses (27ms)
	RebuildNativeTypeToScriptingClass (10ms)
	initialDomainReloadingComplete (26ms)
	LoadAllAssembliesAndSetupDomain (221ms)
		LoadAssemblies (270ms)
		RebuildTransferFunctionScriptingTraits (0ms)
		AnalyzeDomain (17ms)
			TypeCache.Refresh (8ms)
				TypeCache.ScanAssembly (2ms)
			ScanForSourceGeneratedMonoScriptInfo (5ms)
			ResolveRequiredComponents (2ms)
	FinalizeReload (778ms)
		ReleaseScriptCaches (0ms)
		RebuildScriptCaches (0ms)
		SetupLoadedEditorAssemblies (481ms)
			LogAssemblyErrors (0ms)
			InitializePlatformSupportModulesInManaged (5ms)
			SetLoadedEditorAssemblies (3ms)
			RefreshPlugins (0ms)
			BeforeProcessingInitializeOnLoad (64ms)
			ProcessInitializeOnLoadAttributes (289ms)
			ProcessInitializeOnLoadMethodAttributes (115ms)
			AfterProcessingInitializeOnLoad (4ms)
			EditorAssembliesLoaded (0ms)
		ExecutionOrderSort2 (0ms)
		AwakeInstancesAfterBackupRestoration (5ms)
Refreshing native plugins compatible for Editor in 8.23 ms, found 2 plugins.
Preloading 0 native plugins for Editor in 0.00 ms.
Unloading 2567 Unused Serialized files (Serialized files now loaded: 0)
Unloading 16 unused Assets / (28.7 KB). Loaded Objects now: 3187.
Memory consumption went from 130.2 MB to 130.2 MB.
Total: 4.972100 ms (FindLiveObjects: 0.226800 ms CreateObjectMapping: 0.093700 ms MarkObjects: 4.619700 ms  DeleteObjects: 0.031400 ms)

Prepare: number of updated asset objects reloaded= 0
AssetImportParameters requested are different than current active one (requested -> active):
  custom:video-decoder-webm-vp8: 9c59270c3fd7afecdb556c50c9e8de78 -> 
  custom:SearchIndexIgnoredProperties: e643bd26f0fe6173181afceb89e7c659 -> 
  custom:container-demuxer-ogg: 62fdf1f143b41e24485cea50d1cbac27 -> 
  custom:AudioImporter_EditorPlatform: d09bf68614088b80899f8185d706f6e7 -> 
  custom:video-codec-MediaFoundation-h265: 746d11721c4dcdbdad8f713fa42b33f4 -> 
  custom:scripting/monoscript/fileName/NpcManager.cs: 9f4326f993fd7d51a4d1a73853d4ba31 -> 
  custom:video-decoder-ogg-theora: a1e56fd34408186e4bbccfd4996cb3dc -> 
  custom:scripting/monoscript/fileName/UIWindow.cs: 7db82bcecb4b958f30aed5044bc64212 -> 0e7898ffba56fd4251696ffffdb4e820
  custom:framework-win-MediaFoundation: 216162199b28c13a410421893ffa2e32 -> 
  custom:scripting/monoscript/fileName/UIMiniMap.cs: aa15a4a572f78937c1fa26384619a3de -> 
  custom:video-encoder-webm-vp8: eb34c28f22e8b96e1ab97ce403110664 -> 
  custom:audio-decoder-ogg-vorbis: bf7c407c2cedff20999df2af8eb42d56 -> 
  custom:CustomObjectIndexerAttribute: 9a22284fe3817be447336de3de66b15e -> 
  custom:container-demuxer-webm: 4f35f7cbe854078d1ac9338744f61a02 -> 
  custom:scripting/monoscript/fileName/TestManager.cs: e35120e74bab4bced52d717ecbc68775 -> 
  custom:audio-encoder-webm-vorbis: bf7c407c2cedff20999df2af8eb42d56 -> 
  custom:container-muxer-webm: aa71ff27fc2769a1b78a27578f13a17b -> 
  custom:scripting/monoscript/fileName/GameObjectManager.cs: 9d28bc19d4b44a5e0f0e05ca4ef15caa -> 5b6bf09c65110f6e9277a06c37dc6b07
========================================================================
Received Prepare
Caller must complete domain reload
Begin MonoManager ReloadAssembly
Duplicate assembly 'log4net.dll' with different versions detected, using 'Assets/References/log4net.dll, AssemblyName=log4net, Version=2.0.8.0, Culture=neutral, PublicKeyToken=null' and ignoring 'Packages/com.unity.collab-proxy/Lib/Editor/PlasticSCM/log4netPlastic.dll, AssemblyName=log4net, Version=1.2.15.0, Culture=neutral, PublicKeyToken=669e0ddf0bb1aa2a'.Duplicate assembly 'Newtonsoft.Json.dll' with different versions detected, using 'Packages/com.unity.nuget.newtonsoft-json/Runtime/Newtonsoft.Json.dll, AssemblyName=Newtonsoft.Json, Version=13.0.0.0, Culture=neutral, PublicKeyToken=30ad4fe6b2a6aeed' and ignoring 'Assets/JsonDotNet/Assemblies/Standalone/Newtonsoft.Json.dll, AssemblyName=Newtonsoft.Json, Version=8.0.0.0, Culture=neutral, PublicKeyToken=null'.Symbol file LoadedFromMemory is not a mono symbol file
Symbol file LoadedFromMemory is not a mono symbol file
Symbol file LoadedFromMemory is not a mono symbol file
- Loaded All Assemblies, in  0.367 seconds
Native extension for WindowsStandalone target not found
[Package Manager] Server::EnsureServerProcessIsRunning -- launch failed, reason: Unity was launched with the -noUpm command-line argument
[Package Manager] UpmClient::Send -- Unable to send message (not connected to UPM process).
[Package Manager] Cannot connect to Unity Package Manager local server
Mono: successfully reloaded assembly
- Finished resetting the current domain, in  0.784 seconds
Domain Reload Profiling: 1149ms
	BeginReloadAssembly (119ms)
		ExecutionOrderSort (0ms)
		DisableScriptedObjects (4ms)
		BackupInstance (0ms)
		ReleaseScriptingObjects (0ms)
		CreateAndSetChildDomain (31ms)
	RebuildCommonClasses (26ms)
	RebuildNativeTypeToScriptingClass (11ms)
	initialDomainReloadingComplete (22ms)
	LoadAllAssembliesAndSetupDomain (185ms)
		LoadAssemblies (236ms)
		RebuildTransferFunctionScriptingTraits (0ms)
		AnalyzeDomain (7ms)
			TypeCache.Refresh (3ms)
				TypeCache.ScanAssembly (0ms)
			ScanForSourceGeneratedMonoScriptInfo (0ms)
			ResolveRequiredComponents (3ms)
	FinalizeReload (785ms)
		ReleaseScriptCaches (0ms)
		RebuildScriptCaches (0ms)
		SetupLoadedEditorAssemblies (492ms)
			LogAssemblyErrors (0ms)
			InitializePlatformSupportModulesInManaged (5ms)
			SetLoadedEditorAssemblies (3ms)
			RefreshPlugins (0ms)
			BeforeProcessingInitializeOnLoad (66ms)
			ProcessInitializeOnLoadAttributes (288ms)
			ProcessInitializeOnLoadMethodAttributes (124ms)
			AfterProcessingInitializeOnLoad (5ms)
			EditorAssembliesLoaded (0ms)
		ExecutionOrderSort2 (0ms)
		AwakeInstancesAfterBackupRestoration (6ms)
Refreshing native plugins compatible for Editor in 8.51 ms, found 2 plugins.
Preloading 0 native plugins for Editor in 0.00 ms.
Unloading 2567 Unused Serialized files (Serialized files now loaded: 0)
Unloading 16 unused Assets / (28.7 KB). Loaded Objects now: 3190.
Memory consumption went from 130.2 MB to 130.2 MB.
Total: 6.026600 ms (FindLiveObjects: 0.273600 ms CreateObjectMapping: 0.121200 ms MarkObjects: 5.598500 ms  DeleteObjects: 0.032700 ms)

Prepare: number of updated asset objects reloaded= 0
AssetImportParameters requested are different than current active one (requested -> active):
  custom:video-decoder-webm-vp8: 9c59270c3fd7afecdb556c50c9e8de78 -> 
  custom:SearchIndexIgnoredProperties: e643bd26f0fe6173181afceb89e7c659 -> 
  custom:container-demuxer-ogg: 62fdf1f143b41e24485cea50d1cbac27 -> 
  custom:AudioImporter_EditorPlatform: d09bf68614088b80899f8185d706f6e7 -> 
  custom:video-codec-MediaFoundation-h265: 746d11721c4dcdbdad8f713fa42b33f4 -> 
  custom:scripting/monoscript/fileName/NpcManager.cs: 9f4326f993fd7d51a4d1a73853d4ba31 -> 
  custom:video-decoder-ogg-theora: a1e56fd34408186e4bbccfd4996cb3dc -> 
  custom:scripting/monoscript/fileName/UIWindow.cs: 7db82bcecb4b958f30aed5044bc64212 -> 0e7898ffba56fd4251696ffffdb4e820
  custom:framework-win-MediaFoundation: 216162199b28c13a410421893ffa2e32 -> 
  custom:scripting/monoscript/fileName/UIMiniMap.cs: aa15a4a572f78937c1fa26384619a3de -> 
  custom:video-encoder-webm-vp8: eb34c28f22e8b96e1ab97ce403110664 -> 
  custom:audio-decoder-ogg-vorbis: bf7c407c2cedff20999df2af8eb42d56 -> 
  custom:CustomObjectIndexerAttribute: 9a22284fe3817be447336de3de66b15e -> 
  custom:container-demuxer-webm: 4f35f7cbe854078d1ac9338744f61a02 -> 
  custom:scripting/monoscript/fileName/TestManager.cs: e35120e74bab4bced52d717ecbc68775 -> 
  custom:audio-encoder-webm-vorbis: bf7c407c2cedff20999df2af8eb42d56 -> 
  custom:container-muxer-webm: aa71ff27fc2769a1b78a27578f13a17b -> 
  custom:scripting/monoscript/fileName/GameObjectManager.cs: 9d28bc19d4b44a5e0f0e05ca4ef15caa -> 5b6bf09c65110f6e9277a06c37dc6b07
========================================================================
Received Prepare
Caller must complete domain reload
Begin MonoManager ReloadAssembly
Duplicate assembly 'log4net.dll' with different versions detected, using 'Assets/References/log4net.dll, AssemblyName=log4net, Version=2.0.8.0, Culture=neutral, PublicKeyToken=null' and ignoring 'Packages/com.unity.collab-proxy/Lib/Editor/PlasticSCM/log4netPlastic.dll, AssemblyName=log4net, Version=1.2.15.0, Culture=neutral, PublicKeyToken=669e0ddf0bb1aa2a'.Duplicate assembly 'Newtonsoft.Json.dll' with different versions detected, using 'Packages/com.unity.nuget.newtonsoft-json/Runtime/Newtonsoft.Json.dll, AssemblyName=Newtonsoft.Json, Version=13.0.0.0, Culture=neutral, PublicKeyToken=30ad4fe6b2a6aeed' and ignoring 'Assets/JsonDotNet/Assemblies/Standalone/Newtonsoft.Json.dll, AssemblyName=Newtonsoft.Json, Version=8.0.0.0, Culture=neutral, PublicKeyToken=null'.Symbol file LoadedFromMemory is not a mono symbol file
Symbol file LoadedFromMemory is not a mono symbol file
Symbol file LoadedFromMemory is not a mono symbol file
- Loaded All Assemblies, in  0.399 seconds
Native extension for WindowsStandalone target not found
[Package Manager] Server::EnsureServerProcessIsRunning -- launch failed, reason: Unity was launched with the -noUpm command-line argument
[Package Manager] UpmClient::Send -- Unable to send message (not connected to UPM process).
[Package Manager] Cannot connect to Unity Package Manager local server
Mono: successfully reloaded assembly
- Finished resetting the current domain, in  0.759 seconds
Domain Reload Profiling: 1156ms
	BeginReloadAssembly (115ms)
		ExecutionOrderSort (0ms)
		DisableScriptedObjects (4ms)
		BackupInstance (0ms)
		ReleaseScriptingObjects (0ms)
		CreateAndSetChildDomain (30ms)
	RebuildCommonClasses (27ms)
	RebuildNativeTypeToScriptingClass (10ms)
	initialDomainReloadingComplete (24ms)
	LoadAllAssembliesAndSetupDomain (219ms)
		LoadAssemblies (258ms)
		RebuildTransferFunctionScriptingTraits (0ms)
		AnalyzeDomain (18ms)
			TypeCache.Refresh (9ms)
				TypeCache.ScanAssembly (2ms)
			ScanForSourceGeneratedMonoScriptInfo (6ms)
			ResolveRequiredComponents (3ms)
	FinalizeReload (760ms)
		ReleaseScriptCaches (0ms)
		RebuildScriptCaches (0ms)
		SetupLoadedEditorAssemblies (487ms)
			LogAssemblyErrors (0ms)
			InitializePlatformSupportModulesInManaged (5ms)
			SetLoadedEditorAssemblies (4ms)
			RefreshPlugins (0ms)
			BeforeProcessingInitializeOnLoad (66ms)
			ProcessInitializeOnLoadAttributes (296ms)
			ProcessInitializeOnLoadMethodAttributes (111ms)
			AfterProcessingInitializeOnLoad (5ms)
			EditorAssembliesLoaded (0ms)
		ExecutionOrderSort2 (0ms)
		AwakeInstancesAfterBackupRestoration (6ms)
Refreshing native plugins compatible for Editor in 7.80 ms, found 2 plugins.
Preloading 0 native plugins for Editor in 0.00 ms.
Unloading 2567 Unused Serialized files (Serialized files now loaded: 0)
Unloading 16 unused Assets / (28.7 KB). Loaded Objects now: 3193.
Memory consumption went from 130.2 MB to 130.2 MB.
Total: 5.540700 ms (FindLiveObjects: 0.244900 ms CreateObjectMapping: 0.061400 ms MarkObjects: 5.191000 ms  DeleteObjects: 0.042600 ms)

Prepare: number of updated asset objects reloaded= 0
AssetImportParameters requested are different than current active one (requested -> active):
  custom:video-decoder-webm-vp8: 9c59270c3fd7afecdb556c50c9e8de78 -> 
  custom:SearchIndexIgnoredProperties: e643bd26f0fe6173181afceb89e7c659 -> 
  custom:container-demuxer-ogg: 62fdf1f143b41e24485cea50d1cbac27 -> 
  custom:AudioImporter_EditorPlatform: d09bf68614088b80899f8185d706f6e7 -> 
  custom:video-codec-MediaFoundation-h265: 746d11721c4dcdbdad8f713fa42b33f4 -> 
  custom:scripting/monoscript/fileName/NpcManager.cs: 9f4326f993fd7d51a4d1a73853d4ba31 -> 
  custom:video-decoder-ogg-theora: a1e56fd34408186e4bbccfd4996cb3dc -> 
  custom:scripting/monoscript/fileName/UIWindow.cs: 7db82bcecb4b958f30aed5044bc64212 -> 0e7898ffba56fd4251696ffffdb4e820
  custom:framework-win-MediaFoundation: 216162199b28c13a410421893ffa2e32 -> 
  custom:scripting/monoscript/fileName/UIMiniMap.cs: aa15a4a572f78937c1fa26384619a3de -> 
  custom:video-encoder-webm-vp8: eb34c28f22e8b96e1ab97ce403110664 -> 
  custom:audio-decoder-ogg-vorbis: bf7c407c2cedff20999df2af8eb42d56 -> 
  custom:CustomObjectIndexerAttribute: 9a22284fe3817be447336de3de66b15e -> 
  custom:container-demuxer-webm: 4f35f7cbe854078d1ac9338744f61a02 -> 
  custom:scripting/monoscript/fileName/TestManager.cs: e35120e74bab4bced52d717ecbc68775 -> 
  custom:audio-encoder-webm-vorbis: bf7c407c2cedff20999df2af8eb42d56 -> 
  custom:container-muxer-webm: aa71ff27fc2769a1b78a27578f13a17b -> 
  custom:scripting/monoscript/fileName/GameObjectManager.cs: 9d28bc19d4b44a5e0f0e05ca4ef15caa -> 5b6bf09c65110f6e9277a06c37dc6b07
========================================================================
Received Prepare
Caller must complete domain reload
Begin MonoManager ReloadAssembly
Duplicate assembly 'log4net.dll' with different versions detected, using 'Assets/References/log4net.dll, AssemblyName=log4net, Version=2.0.8.0, Culture=neutral, PublicKeyToken=null' and ignoring 'Packages/com.unity.collab-proxy/Lib/Editor/PlasticSCM/log4netPlastic.dll, AssemblyName=log4net, Version=1.2.15.0, Culture=neutral, PublicKeyToken=669e0ddf0bb1aa2a'.Duplicate assembly 'Newtonsoft.Json.dll' with different versions detected, using 'Packages/com.unity.nuget.newtonsoft-json/Runtime/Newtonsoft.Json.dll, AssemblyName=Newtonsoft.Json, Version=13.0.0.0, Culture=neutral, PublicKeyToken=30ad4fe6b2a6aeed' and ignoring 'Assets/JsonDotNet/Assemblies/Standalone/Newtonsoft.Json.dll, AssemblyName=Newtonsoft.Json, Version=8.0.0.0, Culture=neutral, PublicKeyToken=null'.Symbol file LoadedFromMemory is not a mono symbol file
Symbol file LoadedFromMemory is not a mono symbol file
Symbol file LoadedFromMemory is not a mono symbol file
- Loaded All Assemblies, in  0.387 seconds
Native extension for WindowsStandalone target not found
[Package Manager] Server::EnsureServerProcessIsRunning -- launch failed, reason: Unity was launched with the -noUpm command-line argument
[Package Manager] UpmClient::Send -- Unable to send message (not connected to UPM process).
[Package Manager] Cannot connect to Unity Package Manager local server
Mono: successfully reloaded assembly
- Finished resetting the current domain, in  0.820 seconds
Domain Reload Profiling: 1206ms
	BeginReloadAssembly (115ms)
		ExecutionOrderSort (0ms)
		DisableScriptedObjects (5ms)
		BackupInstance (0ms)
		ReleaseScriptingObjects (0ms)
		CreateAndSetChildDomain (31ms)
	RebuildCommonClasses (23ms)
	RebuildNativeTypeToScriptingClass (9ms)
	initialDomainReloadingComplete (22ms)
	LoadAllAssembliesAndSetupDomain (217ms)
		LoadAssemblies (250ms)
		RebuildTransferFunctionScriptingTraits (0ms)
		AnalyzeDomain (21ms)
			TypeCache.Refresh (10ms)
				TypeCache.ScanAssembly (3ms)
			ScanForSourceGeneratedMonoScriptInfo (7ms)
			ResolveRequiredComponents (3ms)
	FinalizeReload (821ms)
		ReleaseScriptCaches (0ms)
		RebuildScriptCaches (0ms)
		SetupLoadedEditorAssemblies (548ms)
			LogAssemblyErrors (0ms)
			InitializePlatformSupportModulesInManaged (4ms)
			SetLoadedEditorAssemblies (3ms)
			RefreshPlugins (0ms)
			BeforeProcessingInitializeOnLoad (60ms)
			ProcessInitializeOnLoadAttributes (322ms)
			ProcessInitializeOnLoadMethodAttributes (150ms)
			AfterProcessingInitializeOnLoad (8ms)
			EditorAssembliesLoaded (1ms)
		ExecutionOrderSort2 (0ms)
		AwakeInstancesAfterBackupRestoration (6ms)
Refreshing native plugins compatible for Editor in 7.44 ms, found 2 plugins.
Preloading 0 native plugins for Editor in 0.00 ms.
Unloading 2567 Unused Serialized files (Serialized files now loaded: 0)
Unloading 16 unused Assets / (28.6 KB). Loaded Objects now: 3196.
Memory consumption went from 130.2 MB to 130.2 MB.
Total: 5.849300 ms (FindLiveObjects: 0.210500 ms CreateObjectMapping: 0.047000 ms MarkObjects: 5.555800 ms  DeleteObjects: 0.035200 ms)

Prepare: number of updated asset objects reloaded= 0
AssetImportParameters requested are different than current active one (requested -> active):
  custom:video-decoder-webm-vp8: 9c59270c3fd7afecdb556c50c9e8de78 -> 
  custom:SearchIndexIgnoredProperties: e643bd26f0fe6173181afceb89e7c659 -> 
  custom:container-demuxer-ogg: 62fdf1f143b41e24485cea50d1cbac27 -> 
  custom:AudioImporter_EditorPlatform: d09bf68614088b80899f8185d706f6e7 -> 
  custom:video-codec-MediaFoundation-h265: 746d11721c4dcdbdad8f713fa42b33f4 -> 
  custom:scripting/monoscript/fileName/NpcManager.cs: 9f4326f993fd7d51a4d1a73853d4ba31 -> 
  custom:video-decoder-ogg-theora: a1e56fd34408186e4bbccfd4996cb3dc -> 
  custom:scripting/monoscript/fileName/UIWindow.cs: 7db82bcecb4b958f30aed5044bc64212 -> 0e7898ffba56fd4251696ffffdb4e820
  custom:framework-win-MediaFoundation: 216162199b28c13a410421893ffa2e32 -> 
  custom:scripting/monoscript/fileName/UIMiniMap.cs: aa15a4a572f78937c1fa26384619a3de -> 
  custom:video-encoder-webm-vp8: eb34c28f22e8b96e1ab97ce403110664 -> 
  custom:audio-decoder-ogg-vorbis: bf7c407c2cedff20999df2af8eb42d56 -> 
  custom:CustomObjectIndexerAttribute: 9a22284fe3817be447336de3de66b15e -> 
  custom:container-demuxer-webm: 4f35f7cbe854078d1ac9338744f61a02 -> 
  custom:scripting/monoscript/fileName/TestManager.cs: e35120e74bab4bced52d717ecbc68775 -> 
  custom:audio-encoder-webm-vorbis: bf7c407c2cedff20999df2af8eb42d56 -> 
  custom:container-muxer-webm: aa71ff27fc2769a1b78a27578f13a17b -> 
  custom:scripting/monoscript/fileName/GameObjectManager.cs: 9d28bc19d4b44a5e0f0e05ca4ef15caa -> 5b6bf09c65110f6e9277a06c37dc6b07
========================================================================
Received Prepare
Caller must complete domain reload
Begin MonoManager ReloadAssembly
Duplicate assembly 'log4net.dll' with different versions detected, using 'Assets/References/log4net.dll, AssemblyName=log4net, Version=2.0.8.0, Culture=neutral, PublicKeyToken=null' and ignoring 'Packages/com.unity.collab-proxy/Lib/Editor/PlasticSCM/log4netPlastic.dll, AssemblyName=log4net, Version=1.2.15.0, Culture=neutral, PublicKeyToken=669e0ddf0bb1aa2a'.Duplicate assembly 'Newtonsoft.Json.dll' with different versions detected, using 'Packages/com.unity.nuget.newtonsoft-json/Runtime/Newtonsoft.Json.dll, AssemblyName=Newtonsoft.Json, Version=13.0.0.0, Culture=neutral, PublicKeyToken=30ad4fe6b2a6aeed' and ignoring 'Assets/JsonDotNet/Assemblies/Standalone/Newtonsoft.Json.dll, AssemblyName=Newtonsoft.Json, Version=8.0.0.0, Culture=neutral, PublicKeyToken=null'.Symbol file LoadedFromMemory is not a mono symbol file
Symbol file LoadedFromMemory is not a mono symbol file
Symbol file LoadedFromMemory is not a mono symbol file
- Loaded All Assemblies, in  0.335 seconds
Native extension for WindowsStandalone target not found
[Package Manager] Server::EnsureServerProcessIsRunning -- launch failed, reason: Unity was launched with the -noUpm command-line argument
[Package Manager] UpmClient::Send -- Unable to send message (not connected to UPM process).
[Package Manager] Cannot connect to Unity Package Manager local server
Mono: successfully reloaded assembly
- Finished resetting the current domain, in  0.693 seconds
Domain Reload Profiling: 1025ms
	BeginReloadAssembly (112ms)
		ExecutionOrderSort (0ms)
		DisableScriptedObjects (5ms)
		BackupInstance (0ms)
		ReleaseScriptingObjects (0ms)
		CreateAndSetChildDomain (29ms)
	RebuildCommonClasses (21ms)
	RebuildNativeTypeToScriptingClass (7ms)
	initialDomainReloadingComplete (20ms)
	LoadAllAssembliesAndSetupDomain (171ms)
		LoadAssemblies (219ms)
		RebuildTransferFunctionScriptingTraits (0ms)
		AnalyzeDomain (7ms)
			TypeCache.Refresh (3ms)
				TypeCache.ScanAssembly (0ms)
			ScanForSourceGeneratedMonoScriptInfo (0ms)
			ResolveRequiredComponents (3ms)
	FinalizeReload (694ms)
		ReleaseScriptCaches (0ms)
		RebuildScriptCaches (0ms)
		SetupLoadedEditorAssemblies (434ms)
			LogAssemblyErrors (0ms)
			InitializePlatformSupportModulesInManaged (4ms)
			SetLoadedEditorAssemblies (3ms)
			RefreshPlugins (0ms)
			BeforeProcessingInitializeOnLoad (54ms)
			ProcessInitializeOnLoadAttributes (262ms)
			ProcessInitializeOnLoadMethodAttributes (104ms)
			AfterProcessingInitializeOnLoad (5ms)
			EditorAssembliesLoaded (0ms)
		ExecutionOrderSort2 (0ms)
		AwakeInstancesAfterBackupRestoration (7ms)
Refreshing native plugins compatible for Editor in 6.96 ms, found 2 plugins.
Preloading 0 native plugins for Editor in 0.00 ms.
Unloading 2567 Unused Serialized files (Serialized files now loaded: 0)
Unloading 16 unused Assets / (28.8 KB). Loaded Objects now: 3199.
Memory consumption went from 130.2 MB to 130.2 MB.
Total: 5.820700 ms (FindLiveObjects: 0.205100 ms CreateObjectMapping: 0.040100 ms MarkObjects: 5.536900 ms  DeleteObjects: 0.037500 ms)

Prepare: number of updated asset objects reloaded= 0
AssetImportParameters requested are different than current active one (requested -> active):
  custom:video-decoder-webm-vp8: 9c59270c3fd7afecdb556c50c9e8de78 -> 
  custom:SearchIndexIgnoredProperties: e643bd26f0fe6173181afceb89e7c659 -> 
  custom:container-demuxer-ogg: 62fdf1f143b41e24485cea50d1cbac27 -> 
  custom:AudioImporter_EditorPlatform: d09bf68614088b80899f8185d706f6e7 -> 
  custom:video-codec-MediaFoundation-h265: 746d11721c4dcdbdad8f713fa42b33f4 -> 
  custom:scripting/monoscript/fileName/NpcManager.cs: 9f4326f993fd7d51a4d1a73853d4ba31 -> 
  custom:video-decoder-ogg-theora: a1e56fd34408186e4bbccfd4996cb3dc -> 
  custom:scripting/monoscript/fileName/UIWindow.cs: 7db82bcecb4b958f30aed5044bc64212 -> 0e7898ffba56fd4251696ffffdb4e820
  custom:framework-win-MediaFoundation: 216162199b28c13a410421893ffa2e32 -> 
  custom:scripting/monoscript/fileName/UIMiniMap.cs: aa15a4a572f78937c1fa26384619a3de -> 
  custom:video-encoder-webm-vp8: eb34c28f22e8b96e1ab97ce403110664 -> 
  custom:audio-decoder-ogg-vorbis: bf7c407c2cedff20999df2af8eb42d56 -> 
  custom:CustomObjectIndexerAttribute: 9a22284fe3817be447336de3de66b15e -> 
  custom:container-demuxer-webm: 4f35f7cbe854078d1ac9338744f61a02 -> 
  custom:scripting/monoscript/fileName/TestManager.cs: e35120e74bab4bced52d717ecbc68775 -> 
  custom:audio-encoder-webm-vorbis: bf7c407c2cedff20999df2af8eb42d56 -> 
  custom:container-muxer-webm: aa71ff27fc2769a1b78a27578f13a17b -> 
  custom:scripting/monoscript/fileName/GameObjectManager.cs: 9d28bc19d4b44a5e0f0e05ca4ef15caa -> 5b6bf09c65110f6e9277a06c37dc6b07
========================================================================
Received Prepare
Caller must complete domain reload
Begin MonoManager ReloadAssembly
Duplicate assembly 'log4net.dll' with different versions detected, using 'Assets/References/log4net.dll, AssemblyName=log4net, Version=2.0.8.0, Culture=neutral, PublicKeyToken=null' and ignoring 'Packages/com.unity.collab-proxy/Lib/Editor/PlasticSCM/log4netPlastic.dll, AssemblyName=log4net, Version=1.2.15.0, Culture=neutral, PublicKeyToken=669e0ddf0bb1aa2a'.Duplicate assembly 'Newtonsoft.Json.dll' with different versions detected, using 'Packages/com.unity.nuget.newtonsoft-json/Runtime/Newtonsoft.Json.dll, AssemblyName=Newtonsoft.Json, Version=13.0.0.0, Culture=neutral, PublicKeyToken=30ad4fe6b2a6aeed' and ignoring 'Assets/JsonDotNet/Assemblies/Standalone/Newtonsoft.Json.dll, AssemblyName=Newtonsoft.Json, Version=8.0.0.0, Culture=neutral, PublicKeyToken=null'.Symbol file LoadedFromMemory is not a mono symbol file
Symbol file LoadedFromMemory is not a mono symbol file
Symbol file LoadedFromMemory is not a mono symbol file
- Loaded All Assemblies, in  0.403 seconds
Native extension for WindowsStandalone target not found
[Package Manager] Server::EnsureServerProcessIsRunning -- launch failed, reason: Unity was launched with the -noUpm command-line argument
[Package Manager] UpmClient::Send -- Unable to send message (not connected to UPM process).
[Package Manager] Cannot connect to Unity Package Manager local server
Mono: successfully reloaded assembly
- Finished resetting the current domain, in  0.799 seconds
Domain Reload Profiling: 1200ms
	BeginReloadAssembly (126ms)
		ExecutionOrderSort (0ms)
		DisableScriptedObjects (5ms)
		BackupInstance (0ms)
		ReleaseScriptingObjects (0ms)
		CreateAndSetChildDomain (34ms)
	RebuildCommonClasses (23ms)
	RebuildNativeTypeToScriptingClass (9ms)
	initialDomainReloadingComplete (26ms)
	LoadAllAssembliesAndSetupDomain (216ms)
		LoadAssemblies (259ms)
		RebuildTransferFunctionScriptingTraits (0ms)
		AnalyzeDomain (18ms)
			TypeCache.Refresh (10ms)
				TypeCache.ScanAssembly (3ms)
			ScanForSourceGeneratedMonoScriptInfo (4ms)
			ResolveRequiredComponents (3ms)
	FinalizeReload (800ms)
		ReleaseScriptCaches (0ms)
		RebuildScriptCaches (0ms)
		SetupLoadedEditorAssemblies (526ms)
			LogAssemblyErrors (0ms)
			InitializePlatformSupportModulesInManaged (5ms)
			SetLoadedEditorAssemblies (3ms)
			RefreshPlugins (0ms)
			BeforeProcessingInitializeOnLoad (84ms)
			ProcessInitializeOnLoadAttributes (296ms)
			ProcessInitializeOnLoadMethodAttributes (132ms)
			AfterProcessingInitializeOnLoad (6ms)
			EditorAssembliesLoaded (0ms)
		ExecutionOrderSort2 (0ms)
		AwakeInstancesAfterBackupRestoration (6ms)
Refreshing native plugins compatible for Editor in 10.27 ms, found 2 plugins.
Preloading 0 native plugins for Editor in 0.00 ms.
Unloading 2567 Unused Serialized files (Serialized files now loaded: 0)
Unloading 16 unused Assets / (28.5 KB). Loaded Objects now: 3202.
Memory consumption went from 130.2 MB to 130.2 MB.
Total: 6.038200 ms (FindLiveObjects: 0.267400 ms CreateObjectMapping: 0.074500 ms MarkObjects: 5.656300 ms  DeleteObjects: 0.038900 ms)

Prepare: number of updated asset objects reloaded= 0
AssetImportParameters requested are different than current active one (requested -> active):
  custom:video-decoder-webm-vp8: 9c59270c3fd7afecdb556c50c9e8de78 -> 
  custom:SearchIndexIgnoredProperties: e643bd26f0fe6173181afceb89e7c659 -> 
  custom:container-demuxer-ogg: 62fdf1f143b41e24485cea50d1cbac27 -> 
  custom:AudioImporter_EditorPlatform: d09bf68614088b80899f8185d706f6e7 -> 
  custom:video-codec-MediaFoundation-h265: 746d11721c4dcdbdad8f713fa42b33f4 -> 
  custom:scripting/monoscript/fileName/NpcManager.cs: 9f4326f993fd7d51a4d1a73853d4ba31 -> 
  custom:video-decoder-ogg-theora: a1e56fd34408186e4bbccfd4996cb3dc -> 
  custom:scripting/monoscript/fileName/UIWindow.cs: 7db82bcecb4b958f30aed5044bc64212 -> 0e7898ffba56fd4251696ffffdb4e820
  custom:framework-win-MediaFoundation: 216162199b28c13a410421893ffa2e32 -> 
  custom:scripting/monoscript/fileName/UIMiniMap.cs: aa15a4a572f78937c1fa26384619a3de -> 
  custom:video-encoder-webm-vp8: eb34c28f22e8b96e1ab97ce403110664 -> 
  custom:audio-decoder-ogg-vorbis: bf7c407c2cedff20999df2af8eb42d56 -> 
  custom:CustomObjectIndexerAttribute: 9a22284fe3817be447336de3de66b15e -> 
  custom:container-demuxer-webm: 4f35f7cbe854078d1ac9338744f61a02 -> 
  custom:scripting/monoscript/fileName/TestManager.cs: e35120e74bab4bced52d717ecbc68775 -> 
  custom:audio-encoder-webm-vorbis: bf7c407c2cedff20999df2af8eb42d56 -> 
  custom:container-muxer-webm: aa71ff27fc2769a1b78a27578f13a17b -> 
  custom:scripting/monoscript/fileName/GameObjectManager.cs: 9d28bc19d4b44a5e0f0e05ca4ef15caa -> 5b6bf09c65110f6e9277a06c37dc6b07
========================================================================
Received Prepare
Caller must complete domain reload
Begin MonoManager ReloadAssembly
Duplicate assembly 'log4net.dll' with different versions detected, using 'Assets/References/log4net.dll, AssemblyName=log4net, Version=2.0.8.0, Culture=neutral, PublicKeyToken=null' and ignoring 'Packages/com.unity.collab-proxy/Lib/Editor/PlasticSCM/log4netPlastic.dll, AssemblyName=log4net, Version=1.2.15.0, Culture=neutral, PublicKeyToken=669e0ddf0bb1aa2a'.Duplicate assembly 'Newtonsoft.Json.dll' with different versions detected, using 'Packages/com.unity.nuget.newtonsoft-json/Runtime/Newtonsoft.Json.dll, AssemblyName=Newtonsoft.Json, Version=13.0.0.0, Culture=neutral, PublicKeyToken=30ad4fe6b2a6aeed' and ignoring 'Assets/JsonDotNet/Assemblies/Standalone/Newtonsoft.Json.dll, AssemblyName=Newtonsoft.Json, Version=8.0.0.0, Culture=neutral, PublicKeyToken=null'.Symbol file LoadedFromMemory is not a mono symbol file
Symbol file LoadedFromMemory is not a mono symbol file
Symbol file LoadedFromMemory is not a mono symbol file
- Loaded All Assemblies, in  0.301 seconds
Native extension for WindowsStandalone target not found
[Package Manager] Server::EnsureServerProcessIsRunning -- launch failed, reason: Unity was launched with the -noUpm command-line argument
[Package Manager] UpmClient::Send -- Unable to send message (not connected to UPM process).
[Package Manager] Cannot connect to Unity Package Manager local server
Mono: successfully reloaded assembly
- Finished resetting the current domain, in  0.610 seconds
Domain Reload Profiling: 910ms
	BeginReloadAssembly (97ms)
		ExecutionOrderSort (0ms)
		DisableScriptedObjects (3ms)
		BackupInstance (0ms)
		ReleaseScriptingObjects (0ms)
		CreateAndSetChildDomain (26ms)
	RebuildCommonClasses (19ms)
	RebuildNativeTypeToScriptingClass (7ms)
	initialDomainReloadingComplete (19ms)
	LoadAllAssembliesAndSetupDomain (157ms)
		LoadAssemblies (196ms)
		RebuildTransferFunctionScriptingTraits (0ms)
		AnalyzeDomain (6ms)
			TypeCache.Refresh (3ms)
				TypeCache.ScanAssembly (0ms)
			ScanForSourceGeneratedMonoScriptInfo (0ms)
			ResolveRequiredComponents (2ms)
	FinalizeReload (610ms)
		ReleaseScriptCaches (0ms)
		RebuildScriptCaches (0ms)
		SetupLoadedEditorAssemblies (375ms)
			LogAssemblyErrors (0ms)
			InitializePlatformSupportModulesInManaged (4ms)
			SetLoadedEditorAssemblies (3ms)
			RefreshPlugins (0ms)
			BeforeProcessingInitializeOnLoad (49ms)
			ProcessInitializeOnLoadAttributes (223ms)
			ProcessInitializeOnLoadMethodAttributes (92ms)
			AfterProcessingInitializeOnLoad (4ms)
			EditorAssembliesLoaded (0ms)
		ExecutionOrderSort2 (0ms)
		AwakeInstancesAfterBackupRestoration (7ms)
Refreshing native plugins compatible for Editor in 6.56 ms, found 2 plugins.
Preloading 0 native plugins for Editor in 0.00 ms.
Unloading 2567 Unused Serialized files (Serialized files now loaded: 0)
Unloading 16 unused Assets / (28.7 KB). Loaded Objects now: 3205.
Memory consumption went from 130.2 MB to 130.2 MB.
Total: 4.507400 ms (FindLiveObjects: 0.165800 ms CreateObjectMapping: 0.033800 ms MarkObjects: 4.272900 ms  DeleteObjects: 0.034200 ms)

Prepare: number of updated asset objects reloaded= 0
AssetImportParameters requested are different than current active one (requested -> active):
  custom:video-decoder-webm-vp8: 9c59270c3fd7afecdb556c50c9e8de78 -> 
  custom:SearchIndexIgnoredProperties: e643bd26f0fe6173181afceb89e7c659 -> 
  custom:container-demuxer-ogg: 62fdf1f143b41e24485cea50d1cbac27 -> 
  custom:AudioImporter_EditorPlatform: d09bf68614088b80899f8185d706f6e7 -> 
  custom:video-codec-MediaFoundation-h265: 746d11721c4dcdbdad8f713fa42b33f4 -> 
  custom:scripting/monoscript/fileName/NpcManager.cs: 9f4326f993fd7d51a4d1a73853d4ba31 -> 
  custom:video-decoder-ogg-theora: a1e56fd34408186e4bbccfd4996cb3dc -> 
  custom:scripting/monoscript/fileName/UIWindow.cs: 7db82bcecb4b958f30aed5044bc64212 -> 0e7898ffba56fd4251696ffffdb4e820
  custom:framework-win-MediaFoundation: 216162199b28c13a410421893ffa2e32 -> 
  custom:scripting/monoscript/fileName/UIMiniMap.cs: aa15a4a572f78937c1fa26384619a3de -> 
  custom:video-encoder-webm-vp8: eb34c28f22e8b96e1ab97ce403110664 -> 
  custom:audio-decoder-ogg-vorbis: bf7c407c2cedff20999df2af8eb42d56 -> 
  custom:CustomObjectIndexerAttribute: 9a22284fe3817be447336de3de66b15e -> 
  custom:container-demuxer-webm: 4f35f7cbe854078d1ac9338744f61a02 -> 
  custom:scripting/monoscript/fileName/TestManager.cs: e35120e74bab4bced52d717ecbc68775 -> 
  custom:audio-encoder-webm-vorbis: bf7c407c2cedff20999df2af8eb42d56 -> 
  custom:container-muxer-webm: aa71ff27fc2769a1b78a27578f13a17b -> 
  custom:scripting/monoscript/fileName/GameObjectManager.cs: 9d28bc19d4b44a5e0f0e05ca4ef15caa -> 5b6bf09c65110f6e9277a06c37dc6b07
========================================================================
Received Prepare
Caller must complete domain reload
Begin MonoManager ReloadAssembly
Duplicate assembly 'log4net.dll' with different versions detected, using 'Assets/References/log4net.dll, AssemblyName=log4net, Version=2.0.8.0, Culture=neutral, PublicKeyToken=null' and ignoring 'Packages/com.unity.collab-proxy/Lib/Editor/PlasticSCM/log4netPlastic.dll, AssemblyName=log4net, Version=1.2.15.0, Culture=neutral, PublicKeyToken=669e0ddf0bb1aa2a'.Duplicate assembly 'Newtonsoft.Json.dll' with different versions detected, using 'Packages/com.unity.nuget.newtonsoft-json/Runtime/Newtonsoft.Json.dll, AssemblyName=Newtonsoft.Json, Version=13.0.0.0, Culture=neutral, PublicKeyToken=30ad4fe6b2a6aeed' and ignoring 'Assets/JsonDotNet/Assemblies/Standalone/Newtonsoft.Json.dll, AssemblyName=Newtonsoft.Json, Version=8.0.0.0, Culture=neutral, PublicKeyToken=null'.Symbol file LoadedFromMemory is not a mono symbol file
Symbol file LoadedFromMemory is not a mono symbol file
Symbol file LoadedFromMemory is not a mono symbol file
- Loaded All Assemblies, in  0.332 seconds
Native extension for WindowsStandalone target not found
[Package Manager] Server::EnsureServerProcessIsRunning -- launch failed, reason: Unity was launched with the -noUpm command-line argument
[Package Manager] UpmClient::Send -- Unable to send message (not connected to UPM process).
[Package Manager] Cannot connect to Unity Package Manager local server
Mono: successfully reloaded assembly
- Finished resetting the current domain, in  0.663 seconds
Domain Reload Profiling: 991ms
	BeginReloadAssembly (106ms)
		ExecutionOrderSort (0ms)
		DisableScriptedObjects (3ms)
		BackupInstance (0ms)
		ReleaseScriptingObjects (0ms)
		CreateAndSetChildDomain (27ms)
	RebuildCommonClasses (20ms)
	RebuildNativeTypeToScriptingClass (8ms)
	initialDomainReloadingComplete (27ms)
	LoadAllAssembliesAndSetupDomain (166ms)
		LoadAssemblies (210ms)
		RebuildTransferFunctionScriptingTraits (0ms)
		AnalyzeDomain (7ms)
			TypeCache.Refresh (3ms)
				TypeCache.ScanAssembly (0ms)
			ScanForSourceGeneratedMonoScriptInfo (0ms)
			ResolveRequiredComponents (2ms)
	FinalizeReload (663ms)
		ReleaseScriptCaches (0ms)
		RebuildScriptCaches (0ms)
		SetupLoadedEditorAssemblies (421ms)
			LogAssemblyErrors (0ms)
			InitializePlatformSupportModulesInManaged (4ms)
			SetLoadedEditorAssemblies (3ms)
			RefreshPlugins (0ms)
			BeforeProcessingInitializeOnLoad (56ms)
			ProcessInitializeOnLoadAttributes (253ms)
			ProcessInitializeOnLoadMethodAttributes (101ms)
			AfterProcessingInitializeOnLoad (5ms)
			EditorAssembliesLoaded (0ms)
		ExecutionOrderSort2 (0ms)
		AwakeInstancesAfterBackupRestoration (6ms)
Refreshing native plugins compatible for Editor in 6.65 ms, found 2 plugins.
Preloading 0 native plugins for Editor in 0.00 ms.
Unloading 2567 Unused Serialized files (Serialized files now loaded: 0)
Unloading 16 unused Assets / (28.6 KB). Loaded Objects now: 3208.
Memory consumption went from 130.2 MB to 130.2 MB.
Total: 5.806700 ms (FindLiveObjects: 0.245500 ms CreateObjectMapping: 0.080100 ms MarkObjects: 5.442700 ms  DeleteObjects: 0.037600 ms)

Prepare: number of updated asset objects reloaded= 0
AssetImportParameters requested are different than current active one (requested -> active):
  custom:video-decoder-webm-vp8: 9c59270c3fd7afecdb556c50c9e8de78 -> 
  custom:SearchIndexIgnoredProperties: e643bd26f0fe6173181afceb89e7c659 -> 
  custom:container-demuxer-ogg: 62fdf1f143b41e24485cea50d1cbac27 -> 
  custom:AudioImporter_EditorPlatform: d09bf68614088b80899f8185d706f6e7 -> 
  custom:video-codec-MediaFoundation-h265: 746d11721c4dcdbdad8f713fa42b33f4 -> 
  custom:scripting/monoscript/fileName/NpcManager.cs: 9f4326f993fd7d51a4d1a73853d4ba31 -> 
  custom:video-decoder-ogg-theora: a1e56fd34408186e4bbccfd4996cb3dc -> 
  custom:scripting/monoscript/fileName/UIWindow.cs: 7db82bcecb4b958f30aed5044bc64212 -> 0e7898ffba56fd4251696ffffdb4e820
  custom:framework-win-MediaFoundation: 216162199b28c13a410421893ffa2e32 -> 
  custom:scripting/monoscript/fileName/UIMiniMap.cs: aa15a4a572f78937c1fa26384619a3de -> 
  custom:video-encoder-webm-vp8: eb34c28f22e8b96e1ab97ce403110664 -> 
  custom:audio-decoder-ogg-vorbis: bf7c407c2cedff20999df2af8eb42d56 -> 
  custom:CustomObjectIndexerAttribute: 9a22284fe3817be447336de3de66b15e -> 
  custom:container-demuxer-webm: 4f35f7cbe854078d1ac9338744f61a02 -> 
  custom:scripting/monoscript/fileName/TestManager.cs: e35120e74bab4bced52d717ecbc68775 -> 
  custom:audio-encoder-webm-vorbis: bf7c407c2cedff20999df2af8eb42d56 -> 
  custom:container-muxer-webm: aa71ff27fc2769a1b78a27578f13a17b -> 
  custom:scripting/monoscript/fileName/GameObjectManager.cs: 9d28bc19d4b44a5e0f0e05ca4ef15caa -> 5b6bf09c65110f6e9277a06c37dc6b07
========================================================================
Received Prepare
Caller must complete domain reload
Begin MonoManager ReloadAssembly
Duplicate assembly 'log4net.dll' with different versions detected, using 'Assets/References/log4net.dll, AssemblyName=log4net, Version=2.0.8.0, Culture=neutral, PublicKeyToken=null' and ignoring 'Packages/com.unity.collab-proxy/Lib/Editor/PlasticSCM/log4netPlastic.dll, AssemblyName=log4net, Version=1.2.15.0, Culture=neutral, PublicKeyToken=669e0ddf0bb1aa2a'.Duplicate assembly 'Newtonsoft.Json.dll' with different versions detected, using 'Packages/com.unity.nuget.newtonsoft-json/Runtime/Newtonsoft.Json.dll, AssemblyName=Newtonsoft.Json, Version=13.0.0.0, Culture=neutral, PublicKeyToken=30ad4fe6b2a6aeed' and ignoring 'Assets/JsonDotNet/Assemblies/Standalone/Newtonsoft.Json.dll, AssemblyName=Newtonsoft.Json, Version=8.0.0.0, Culture=neutral, PublicKeyToken=null'.Symbol file LoadedFromMemory is not a mono symbol file
Symbol file LoadedFromMemory is not a mono symbol file
Symbol file LoadedFromMemory is not a mono symbol file
- Loaded All Assemblies, in  0.378 seconds
Native extension for WindowsStandalone target not found
[Package Manager] Server::EnsureServerProcessIsRunning -- launch failed, reason: Unity was launched with the -noUpm command-line argument
[Package Manager] UpmClient::Send -- Unable to send message (not connected to UPM process).
[Package Manager] Cannot connect to Unity Package Manager local server
Mono: successfully reloaded assembly
- Finished resetting the current domain, in  0.779 seconds
Domain Reload Profiling: 1155ms
	BeginReloadAssembly (121ms)
		ExecutionOrderSort (0ms)
		DisableScriptedObjects (5ms)
		BackupInstance (0ms)
		ReleaseScriptingObjects (0ms)
		CreateAndSetChildDomain (37ms)
	RebuildCommonClasses (23ms)
	RebuildNativeTypeToScriptingClass (7ms)
	initialDomainReloadingComplete (19ms)
	LoadAllAssembliesAndSetupDomain (204ms)
		LoadAssemblies (241ms)
		RebuildTransferFunctionScriptingTraits (0ms)
		AnalyzeDomain (19ms)
			TypeCache.Refresh (10ms)
				TypeCache.ScanAssembly (3ms)
			ScanForSourceGeneratedMonoScriptInfo (5ms)
			ResolveRequiredComponents (3ms)
	FinalizeReload (780ms)
		ReleaseScriptCaches (0ms)
		RebuildScriptCaches (0ms)
		SetupLoadedEditorAssemblies (469ms)
			LogAssemblyErrors (0ms)
			InitializePlatformSupportModulesInManaged (4ms)
			SetLoadedEditorAssemblies (3ms)
			RefreshPlugins (0ms)
			BeforeProcessingInitializeOnLoad (68ms)
			ProcessInitializeOnLoadAttributes (282ms)
			ProcessInitializeOnLoadMethodAttributes (106ms)
			AfterProcessingInitializeOnLoad (4ms)
			EditorAssembliesLoaded (0ms)
		ExecutionOrderSort2 (0ms)
		AwakeInstancesAfterBackupRestoration (5ms)
Refreshing native plugins compatible for Editor in 7.20 ms, found 2 plugins.
Preloading 0 native plugins for Editor in 0.00 ms.
Unloading 2567 Unused Serialized files (Serialized files now loaded: 0)
Unloading 16 unused Assets / (28.6 KB). Loaded Objects now: 3211.
Memory consumption went from 130.2 MB to 130.2 MB.
Total: 5.830900 ms (FindLiveObjects: 0.240600 ms CreateObjectMapping: 0.088900 ms MarkObjects: 5.454500 ms  DeleteObjects: 0.045700 ms)

Prepare: number of updated asset objects reloaded= 0
AssetImportParameters requested are different than current active one (requested -> active):
  custom:video-decoder-webm-vp8: 9c59270c3fd7afecdb556c50c9e8de78 -> 
  custom:SearchIndexIgnoredProperties: e643bd26f0fe6173181afceb89e7c659 -> 
  custom:container-demuxer-ogg: 62fdf1f143b41e24485cea50d1cbac27 -> 
  custom:AudioImporter_EditorPlatform: d09bf68614088b80899f8185d706f6e7 -> 
  custom:video-codec-MediaFoundation-h265: 746d11721c4dcdbdad8f713fa42b33f4 -> 
  custom:scripting/monoscript/fileName/NpcManager.cs: 9f4326f993fd7d51a4d1a73853d4ba31 -> 
  custom:video-decoder-ogg-theora: a1e56fd34408186e4bbccfd4996cb3dc -> 
  custom:scripting/monoscript/fileName/UIWindow.cs: 7db82bcecb4b958f30aed5044bc64212 -> 0e7898ffba56fd4251696ffffdb4e820
  custom:framework-win-MediaFoundation: 216162199b28c13a410421893ffa2e32 -> 
  custom:scripting/monoscript/fileName/UIMiniMap.cs: aa15a4a572f78937c1fa26384619a3de -> 
  custom:video-encoder-webm-vp8: eb34c28f22e8b96e1ab97ce403110664 -> 
  custom:audio-decoder-ogg-vorbis: bf7c407c2cedff20999df2af8eb42d56 -> 
  custom:CustomObjectIndexerAttribute: 9a22284fe3817be447336de3de66b15e -> 
  custom:container-demuxer-webm: 4f35f7cbe854078d1ac9338744f61a02 -> 
  custom:scripting/monoscript/fileName/TestManager.cs: e35120e74bab4bced52d717ecbc68775 -> 
  custom:audio-encoder-webm-vorbis: bf7c407c2cedff20999df2af8eb42d56 -> 
  custom:container-muxer-webm: aa71ff27fc2769a1b78a27578f13a17b -> 
  custom:scripting/monoscript/fileName/GameObjectManager.cs: 9d28bc19d4b44a5e0f0e05ca4ef15caa -> 5b6bf09c65110f6e9277a06c37dc6b07
========================================================================
Received Prepare
Caller must complete domain reload
Begin MonoManager ReloadAssembly
Duplicate assembly 'log4net.dll' with different versions detected, using 'Assets/References/log4net.dll, AssemblyName=log4net, Version=2.0.8.0, Culture=neutral, PublicKeyToken=null' and ignoring 'Packages/com.unity.collab-proxy/Lib/Editor/PlasticSCM/log4netPlastic.dll, AssemblyName=log4net, Version=1.2.15.0, Culture=neutral, PublicKeyToken=669e0ddf0bb1aa2a'.Duplicate assembly 'Newtonsoft.Json.dll' with different versions detected, using 'Packages/com.unity.nuget.newtonsoft-json/Runtime/Newtonsoft.Json.dll, AssemblyName=Newtonsoft.Json, Version=13.0.0.0, Culture=neutral, PublicKeyToken=30ad4fe6b2a6aeed' and ignoring 'Assets/JsonDotNet/Assemblies/Standalone/Newtonsoft.Json.dll, AssemblyName=Newtonsoft.Json, Version=8.0.0.0, Culture=neutral, PublicKeyToken=null'.Symbol file LoadedFromMemory is not a mono symbol file
Symbol file LoadedFromMemory is not a mono symbol file
Symbol file LoadedFromMemory is not a mono symbol file
- Loaded All Assemblies, in  0.379 seconds
Native extension for WindowsStandalone target not found
[Package Manager] Server::EnsureServerProcessIsRunning -- launch failed, reason: Unity was launched with the -noUpm command-line argument
[Package Manager] UpmClient::Send -- Unable to send message (not connected to UPM process).
[Package Manager] Cannot connect to Unity Package Manager local server
Mono: successfully reloaded assembly
- Finished resetting the current domain, in  0.895 seconds
Domain Reload Profiling: 1271ms
	BeginReloadAssembly (117ms)
		ExecutionOrderSort (0ms)
		DisableScriptedObjects (4ms)
		BackupInstance (0ms)
		ReleaseScriptingObjects (0ms)
		CreateAndSetChildDomain (32ms)
	RebuildCommonClasses (27ms)
	RebuildNativeTypeToScriptingClass (7ms)
	initialDomainReloadingComplete (24ms)
	LoadAllAssembliesAndSetupDomain (200ms)
		LoadAssemblies (250ms)
		RebuildTransferFunctionScriptingTraits (0ms)
		AnalyzeDomain (8ms)
			TypeCache.Refresh (4ms)
				TypeCache.ScanAssembly (0ms)
			ScanForSourceGeneratedMonoScriptInfo (0ms)
			ResolveRequiredComponents (3ms)
	FinalizeReload (895ms)
		ReleaseScriptCaches (0ms)
		RebuildScriptCaches (0ms)
		SetupLoadedEditorAssemblies (507ms)
			LogAssemblyErrors (0ms)
			InitializePlatformSupportModulesInManaged (5ms)
			SetLoadedEditorAssemblies (3ms)
			RefreshPlugins (0ms)
			BeforeProcessingInitializeOnLoad (77ms)
			ProcessInitializeOnLoadAttributes (298ms)
			ProcessInitializeOnLoadMethodAttributes (119ms)
			AfterProcessingInitializeOnLoad (5ms)
			EditorAssembliesLoaded (0ms)
		ExecutionOrderSort2 (0ms)
		AwakeInstancesAfterBackupRestoration (6ms)
Refreshing native plugins compatible for Editor in 7.69 ms, found 2 plugins.
Preloading 0 native plugins for Editor in 0.00 ms.
Unloading 2567 Unused Serialized files (Serialized files now loaded: 0)
Unloading 16 unused Assets / (28.6 KB). Loaded Objects now: 3214.
Memory consumption went from 130.2 MB to 130.2 MB.
Total: 4.885100 ms (FindLiveObjects: 0.203300 ms CreateObjectMapping: 0.050100 ms MarkObjects: 4.594400 ms  DeleteObjects: 0.036400 ms)

Prepare: number of updated asset objects reloaded= 0
AssetImportParameters requested are different than current active one (requested -> active):
  custom:video-decoder-webm-vp8: 9c59270c3fd7afecdb556c50c9e8de78 -> 
  custom:SearchIndexIgnoredProperties: e643bd26f0fe6173181afceb89e7c659 -> 
  custom:container-demuxer-ogg: 62fdf1f143b41e24485cea50d1cbac27 -> 
  custom:AudioImporter_EditorPlatform: d09bf68614088b80899f8185d706f6e7 -> 
  custom:video-codec-MediaFoundation-h265: 746d11721c4dcdbdad8f713fa42b33f4 -> 
  custom:scripting/monoscript/fileName/NpcManager.cs: 9f4326f993fd7d51a4d1a73853d4ba31 -> 
  custom:video-decoder-ogg-theora: a1e56fd34408186e4bbccfd4996cb3dc -> 
  custom:scripting/monoscript/fileName/UIWindow.cs: 7db82bcecb4b958f30aed5044bc64212 -> 0e7898ffba56fd4251696ffffdb4e820
  custom:framework-win-MediaFoundation: 216162199b28c13a410421893ffa2e32 -> 
  custom:scripting/monoscript/fileName/UIMiniMap.cs: aa15a4a572f78937c1fa26384619a3de -> 
  custom:video-encoder-webm-vp8: eb34c28f22e8b96e1ab97ce403110664 -> 
  custom:audio-decoder-ogg-vorbis: bf7c407c2cedff20999df2af8eb42d56 -> 
  custom:CustomObjectIndexerAttribute: 9a22284fe3817be447336de3de66b15e -> 
  custom:container-demuxer-webm: 4f35f7cbe854078d1ac9338744f61a02 -> 
  custom:scripting/monoscript/fileName/TestManager.cs: e35120e74bab4bced52d717ecbc68775 -> 
  custom:audio-encoder-webm-vorbis: bf7c407c2cedff20999df2af8eb42d56 -> 
  custom:container-muxer-webm: aa71ff27fc2769a1b78a27578f13a17b -> 
  custom:scripting/monoscript/fileName/GameObjectManager.cs: 9d28bc19d4b44a5e0f0e05ca4ef15caa -> 5b6bf09c65110f6e9277a06c37dc6b07
========================================================================
Received Prepare
Caller must complete domain reload
Begin MonoManager ReloadAssembly
Duplicate assembly 'log4net.dll' with different versions detected, using 'Assets/References/log4net.dll, AssemblyName=log4net, Version=2.0.8.0, Culture=neutral, PublicKeyToken=null' and ignoring 'Packages/com.unity.collab-proxy/Lib/Editor/PlasticSCM/log4netPlastic.dll, AssemblyName=log4net, Version=1.2.15.0, Culture=neutral, PublicKeyToken=669e0ddf0bb1aa2a'.Duplicate assembly 'Newtonsoft.Json.dll' with different versions detected, using 'Packages/com.unity.nuget.newtonsoft-json/Runtime/Newtonsoft.Json.dll, AssemblyName=Newtonsoft.Json, Version=13.0.0.0, Culture=neutral, PublicKeyToken=30ad4fe6b2a6aeed' and ignoring 'Assets/JsonDotNet/Assemblies/Standalone/Newtonsoft.Json.dll, AssemblyName=Newtonsoft.Json, Version=8.0.0.0, Culture=neutral, PublicKeyToken=null'.Symbol file LoadedFromMemory is not a mono symbol file
Symbol file LoadedFromMemory is not a mono symbol file
Symbol file LoadedFromMemory is not a mono symbol file
- Loaded All Assemblies, in  0.311 seconds
Native extension for WindowsStandalone target not found
[Package Manager] Server::EnsureServerProcessIsRunning -- launch failed, reason: Unity was launched with the -noUpm command-line argument
[Package Manager] UpmClient::Send -- Unable to send message (not connected to UPM process).
[Package Manager] Cannot connect to Unity Package Manager local server
Mono: successfully reloaded assembly
- Finished resetting the current domain, in  0.686 seconds
Domain Reload Profiling: 994ms
	BeginReloadAssembly (105ms)
		ExecutionOrderSort (0ms)
		DisableScriptedObjects (3ms)
		BackupInstance (0ms)
		ReleaseScriptingObjects (0ms)
		CreateAndSetChildDomain (26ms)
	RebuildCommonClasses (21ms)
	RebuildNativeTypeToScriptingClass (7ms)
	initialDomainReloadingComplete (21ms)
	LoadAllAssembliesAndSetupDomain (154ms)
		LoadAssemblies (200ms)
		RebuildTransferFunctionScriptingTraits (0ms)
		AnalyzeDomain (6ms)
			TypeCache.Refresh (3ms)
				TypeCache.ScanAssembly (0ms)
			ScanForSourceGeneratedMonoScriptInfo (0ms)
			ResolveRequiredComponents (2ms)
	FinalizeReload (687ms)
		ReleaseScriptCaches (0ms)
		RebuildScriptCaches (0ms)
		SetupLoadedEditorAssemblies (427ms)
			LogAssemblyErrors (0ms)
			InitializePlatformSupportModulesInManaged (4ms)
			SetLoadedEditorAssemblies (3ms)
			RefreshPlugins (0ms)
			BeforeProcessingInitializeOnLoad (60ms)
			ProcessInitializeOnLoadAttributes (255ms)
			ProcessInitializeOnLoadMethodAttributes (100ms)
			AfterProcessingInitializeOnLoad (4ms)
			EditorAssembliesLoaded (0ms)
		ExecutionOrderSort2 (0ms)
		AwakeInstancesAfterBackupRestoration (6ms)
Refreshing native plugins compatible for Editor in 8.09 ms, found 2 plugins.
Preloading 0 native plugins for Editor in 0.00 ms.
Unloading 2567 Unused Serialized files (Serialized files now loaded: 0)
Unloading 16 unused Assets / (28.8 KB). Loaded Objects now: 3217.
Memory consumption went from 130.2 MB to 130.2 MB.
Total: 4.971800 ms (FindLiveObjects: 0.203200 ms CreateObjectMapping: 0.050400 ms MarkObjects: 4.683600 ms  DeleteObjects: 0.033700 ms)

Prepare: number of updated asset objects reloaded= 0
AssetImportParameters requested are different than current active one (requested -> active):
  custom:video-decoder-webm-vp8: 9c59270c3fd7afecdb556c50c9e8de78 -> 
  custom:SearchIndexIgnoredProperties: e643bd26f0fe6173181afceb89e7c659 -> 
  custom:container-demuxer-ogg: 62fdf1f143b41e24485cea50d1cbac27 -> 
  custom:AudioImporter_EditorPlatform: d09bf68614088b80899f8185d706f6e7 -> 
  custom:video-codec-MediaFoundation-h265: 746d11721c4dcdbdad8f713fa42b33f4 -> 
  custom:scripting/monoscript/fileName/NpcManager.cs: 9f4326f993fd7d51a4d1a73853d4ba31 -> 
  custom:video-decoder-ogg-theora: a1e56fd34408186e4bbccfd4996cb3dc -> 
  custom:scripting/monoscript/fileName/UIWindow.cs: 7db82bcecb4b958f30aed5044bc64212 -> 0e7898ffba56fd4251696ffffdb4e820
  custom:framework-win-MediaFoundation: 216162199b28c13a410421893ffa2e32 -> 
  custom:scripting/monoscript/fileName/UIMiniMap.cs: aa15a4a572f78937c1fa26384619a3de -> 
  custom:video-encoder-webm-vp8: eb34c28f22e8b96e1ab97ce403110664 -> 
  custom:audio-decoder-ogg-vorbis: bf7c407c2cedff20999df2af8eb42d56 -> 
  custom:CustomObjectIndexerAttribute: 9a22284fe3817be447336de3de66b15e -> 
  custom:container-demuxer-webm: 4f35f7cbe854078d1ac9338744f61a02 -> 
  custom:scripting/monoscript/fileName/TestManager.cs: e35120e74bab4bced52d717ecbc68775 -> 
  custom:audio-encoder-webm-vorbis: bf7c407c2cedff20999df2af8eb42d56 -> 
  custom:container-muxer-webm: aa71ff27fc2769a1b78a27578f13a17b -> 
  custom:scripting/monoscript/fileName/GameObjectManager.cs: 9d28bc19d4b44a5e0f0e05ca4ef15caa -> 5b6bf09c65110f6e9277a06c37dc6b07
========================================================================
Received Prepare
Caller must complete domain reload
Begin MonoManager ReloadAssembly
Duplicate assembly 'log4net.dll' with different versions detected, using 'Assets/References/log4net.dll, AssemblyName=log4net, Version=2.0.8.0, Culture=neutral, PublicKeyToken=null' and ignoring 'Packages/com.unity.collab-proxy/Lib/Editor/PlasticSCM/log4netPlastic.dll, AssemblyName=log4net, Version=1.2.15.0, Culture=neutral, PublicKeyToken=669e0ddf0bb1aa2a'.Duplicate assembly 'Newtonsoft.Json.dll' with different versions detected, using 'Packages/com.unity.nuget.newtonsoft-json/Runtime/Newtonsoft.Json.dll, AssemblyName=Newtonsoft.Json, Version=13.0.0.0, Culture=neutral, PublicKeyToken=30ad4fe6b2a6aeed' and ignoring 'Assets/JsonDotNet/Assemblies/Standalone/Newtonsoft.Json.dll, AssemblyName=Newtonsoft.Json, Version=8.0.0.0, Culture=neutral, PublicKeyToken=null'.Symbol file LoadedFromMemory is not a mono symbol file
Symbol file LoadedFromMemory is not a mono symbol file
Symbol file LoadedFromMemory is not a mono symbol file
- Loaded All Assemblies, in  0.407 seconds
Native extension for WindowsStandalone target not found
[Package Manager] Server::EnsureServerProcessIsRunning -- launch failed, reason: Unity was launched with the -noUpm command-line argument
[Package Manager] UpmClient::Send -- Unable to send message (not connected to UPM process).
[Package Manager] Cannot connect to Unity Package Manager local server
Mono: successfully reloaded assembly
- Finished resetting the current domain, in  0.794 seconds
Domain Reload Profiling: 1200ms
	BeginReloadAssembly (135ms)
		ExecutionOrderSort (0ms)
		DisableScriptedObjects (4ms)
		BackupInstance (0ms)
		ReleaseScriptingObjects (0ms)
		CreateAndSetChildDomain (36ms)
	RebuildCommonClasses (23ms)
	RebuildNativeTypeToScriptingClass (8ms)
	initialDomainReloadingComplete (23ms)
	LoadAllAssembliesAndSetupDomain (216ms)
		LoadAssemblies (266ms)
		RebuildTransferFunctionScriptingTraits (0ms)
		AnalyzeDomain (19ms)
			TypeCache.Refresh (9ms)
				TypeCache.ScanAssembly (3ms)
			ScanForSourceGeneratedMonoScriptInfo (6ms)
			ResolveRequiredComponents (3ms)
	FinalizeReload (795ms)
		ReleaseScriptCaches (0ms)
		RebuildScriptCaches (0ms)
		SetupLoadedEditorAssemblies (483ms)
			LogAssemblyErrors (0ms)
			InitializePlatformSupportModulesInManaged (5ms)
			SetLoadedEditorAssemblies (3ms)
			RefreshPlugins (0ms)
			BeforeProcessingInitializeOnLoad (64ms)
			ProcessInitializeOnLoadAttributes (284ms)
			ProcessInitializeOnLoadMethodAttributes (121ms)
			AfterProcessingInitializeOnLoad (5ms)
			EditorAssembliesLoaded (0ms)
		ExecutionOrderSort2 (0ms)
		AwakeInstancesAfterBackupRestoration (7ms)
Refreshing native plugins compatible for Editor in 6.90 ms, found 2 plugins.
Preloading 0 native plugins for Editor in 0.00 ms.
Unloading 2567 Unused Serialized files (Serialized files now loaded: 0)
Unloading 16 unused Assets / (28.7 KB). Loaded Objects now: 3220.
Memory consumption went from 130.2 MB to 130.2 MB.
Total: 5.473600 ms (FindLiveObjects: 0.212000 ms CreateObjectMapping: 0.053800 ms MarkObjects: 5.171100 ms  DeleteObjects: 0.035600 ms)

Prepare: number of updated asset objects reloaded= 0
AssetImportParameters requested are different than current active one (requested -> active):
  custom:video-decoder-webm-vp8: 9c59270c3fd7afecdb556c50c9e8de78 -> 
  custom:SearchIndexIgnoredProperties: e643bd26f0fe6173181afceb89e7c659 -> 
  custom:container-demuxer-ogg: 62fdf1f143b41e24485cea50d1cbac27 -> 
  custom:AudioImporter_EditorPlatform: d09bf68614088b80899f8185d706f6e7 -> 
  custom:video-codec-MediaFoundation-h265: 746d11721c4dcdbdad8f713fa42b33f4 -> 
  custom:scripting/monoscript/fileName/NpcManager.cs: 9f4326f993fd7d51a4d1a73853d4ba31 -> 
  custom:video-decoder-ogg-theora: a1e56fd34408186e4bbccfd4996cb3dc -> 
  custom:scripting/monoscript/fileName/UIWindow.cs: 7db82bcecb4b958f30aed5044bc64212 -> 0e7898ffba56fd4251696ffffdb4e820
  custom:framework-win-MediaFoundation: 216162199b28c13a410421893ffa2e32 -> 
  custom:scripting/monoscript/fileName/UIMiniMap.cs: aa15a4a572f78937c1fa26384619a3de -> 
  custom:video-encoder-webm-vp8: eb34c28f22e8b96e1ab97ce403110664 -> 
  custom:audio-decoder-ogg-vorbis: bf7c407c2cedff20999df2af8eb42d56 -> 
  custom:CustomObjectIndexerAttribute: 9a22284fe3817be447336de3de66b15e -> 
  custom:container-demuxer-webm: 4f35f7cbe854078d1ac9338744f61a02 -> 
  custom:scripting/monoscript/fileName/TestManager.cs: e35120e74bab4bced52d717ecbc68775 -> 
  custom:audio-encoder-webm-vorbis: bf7c407c2cedff20999df2af8eb42d56 -> 
  custom:container-muxer-webm: aa71ff27fc2769a1b78a27578f13a17b -> 
  custom:scripting/monoscript/fileName/GameObjectManager.cs: 9d28bc19d4b44a5e0f0e05ca4ef15caa -> 5b6bf09c65110f6e9277a06c37dc6b07
========================================================================
Received Prepare
Caller must complete domain reload
Begin MonoManager ReloadAssembly
Duplicate assembly 'log4net.dll' with different versions detected, using 'Assets/References/log4net.dll, AssemblyName=log4net, Version=2.0.8.0, Culture=neutral, PublicKeyToken=null' and ignoring 'Packages/com.unity.collab-proxy/Lib/Editor/PlasticSCM/log4netPlastic.dll, AssemblyName=log4net, Version=1.2.15.0, Culture=neutral, PublicKeyToken=669e0ddf0bb1aa2a'.Duplicate assembly 'Newtonsoft.Json.dll' with different versions detected, using 'Packages/com.unity.nuget.newtonsoft-json/Runtime/Newtonsoft.Json.dll, AssemblyName=Newtonsoft.Json, Version=13.0.0.0, Culture=neutral, PublicKeyToken=30ad4fe6b2a6aeed' and ignoring 'Assets/JsonDotNet/Assemblies/Standalone/Newtonsoft.Json.dll, AssemblyName=Newtonsoft.Json, Version=8.0.0.0, Culture=neutral, PublicKeyToken=null'.Symbol file LoadedFromMemory is not a mono symbol file
Symbol file LoadedFromMemory is not a mono symbol file
Symbol file LoadedFromMemory is not a mono symbol file
- Loaded All Assemblies, in  0.409 seconds
Native extension for WindowsStandalone target not found
[Package Manager] Server::EnsureServerProcessIsRunning -- launch failed, reason: Unity was launched with the -noUpm command-line argument
[Package Manager] UpmClient::Send -- Unable to send message (not connected to UPM process).
[Package Manager] Cannot connect to Unity Package Manager local server
Mono: successfully reloaded assembly
- Finished resetting the current domain, in  0.780 seconds
Domain Reload Profiling: 1187ms
	BeginReloadAssembly (132ms)
		ExecutionOrderSort (0ms)
		DisableScriptedObjects (4ms)
		BackupInstance (0ms)
		ReleaseScriptingObjects (0ms)
		CreateAndSetChildDomain (34ms)
	RebuildCommonClasses (26ms)
	RebuildNativeTypeToScriptingClass (8ms)
	initialDomainReloadingComplete (25ms)
	LoadAllAssembliesAndSetupDomain (215ms)
		LoadAssemblies (273ms)
		RebuildTransferFunctionScriptingTraits (0ms)
		AnalyzeDomain (7ms)
			TypeCache.Refresh (3ms)
				TypeCache.ScanAssembly (0ms)
			ScanForSourceGeneratedMonoScriptInfo (0ms)
			ResolveRequiredComponents (3ms)
	FinalizeReload (780ms)
		ReleaseScriptCaches (0ms)
		RebuildScriptCaches (0ms)
		SetupLoadedEditorAssemblies (469ms)
			LogAssemblyErrors (0ms)
			InitializePlatformSupportModulesInManaged (4ms)
			SetLoadedEditorAssemblies (3ms)
			RefreshPlugins (0ms)
			BeforeProcessingInitializeOnLoad (60ms)
			ProcessInitializeOnLoadAttributes (284ms)
			ProcessInitializeOnLoadMethodAttributes (113ms)
			AfterProcessingInitializeOnLoad (4ms)
			EditorAssembliesLoaded (0ms)
		ExecutionOrderSort2 (0ms)
		AwakeInstancesAfterBackupRestoration (5ms)
Refreshing native plugins compatible for Editor in 9.14 ms, found 2 plugins.
Preloading 0 native plugins for Editor in 0.00 ms.
Unloading 2567 Unused Serialized files (Serialized files now loaded: 0)
Unloading 16 unused Assets / (28.7 KB). Loaded Objects now: 3223.
Memory consumption went from 130.2 MB to 130.2 MB.
Total: 5.562000 ms (FindLiveObjects: 0.223400 ms CreateObjectMapping: 0.064100 ms MarkObjects: 5.222900 ms  DeleteObjects: 0.050100 ms)

Prepare: number of updated asset objects reloaded= 0
AssetImportParameters requested are different than current active one (requested -> active):
  custom:video-decoder-webm-vp8: 9c59270c3fd7afecdb556c50c9e8de78 -> 
  custom:SearchIndexIgnoredProperties: e643bd26f0fe6173181afceb89e7c659 -> 
  custom:container-demuxer-ogg: 62fdf1f143b41e24485cea50d1cbac27 -> 
  custom:AudioImporter_EditorPlatform: d09bf68614088b80899f8185d706f6e7 -> 
  custom:video-codec-MediaFoundation-h265: 746d11721c4dcdbdad8f713fa42b33f4 -> 
  custom:scripting/monoscript/fileName/NpcManager.cs: 9f4326f993fd7d51a4d1a73853d4ba31 -> 
  custom:video-decoder-ogg-theora: a1e56fd34408186e4bbccfd4996cb3dc -> 
  custom:scripting/monoscript/fileName/UIWindow.cs: 7db82bcecb4b958f30aed5044bc64212 -> 0e7898ffba56fd4251696ffffdb4e820
  custom:framework-win-MediaFoundation: 216162199b28c13a410421893ffa2e32 -> 
  custom:scripting/monoscript/fileName/UIMiniMap.cs: aa15a4a572f78937c1fa26384619a3de -> 
  custom:video-encoder-webm-vp8: eb34c28f22e8b96e1ab97ce403110664 -> 
  custom:audio-decoder-ogg-vorbis: bf7c407c2cedff20999df2af8eb42d56 -> 
  custom:CustomObjectIndexerAttribute: 9a22284fe3817be447336de3de66b15e -> 
  custom:container-demuxer-webm: 4f35f7cbe854078d1ac9338744f61a02 -> 
  custom:scripting/monoscript/fileName/TestManager.cs: e35120e74bab4bced52d717ecbc68775 -> 
  custom:audio-encoder-webm-vorbis: bf7c407c2cedff20999df2af8eb42d56 -> 
  custom:container-muxer-webm: aa71ff27fc2769a1b78a27578f13a17b -> 
  custom:scripting/monoscript/fileName/GameObjectManager.cs: 9d28bc19d4b44a5e0f0e05ca4ef15caa -> 5b6bf09c65110f6e9277a06c37dc6b07
========================================================================
Received Prepare
Caller must complete domain reload
Begin MonoManager ReloadAssembly
Duplicate assembly 'log4net.dll' with different versions detected, using 'Assets/References/log4net.dll, AssemblyName=log4net, Version=2.0.8.0, Culture=neutral, PublicKeyToken=null' and ignoring 'Packages/com.unity.collab-proxy/Lib/Editor/PlasticSCM/log4netPlastic.dll, AssemblyName=log4net, Version=1.2.15.0, Culture=neutral, PublicKeyToken=669e0ddf0bb1aa2a'.Duplicate assembly 'Newtonsoft.Json.dll' with different versions detected, using 'Packages/com.unity.nuget.newtonsoft-json/Runtime/Newtonsoft.Json.dll, AssemblyName=Newtonsoft.Json, Version=13.0.0.0, Culture=neutral, PublicKeyToken=30ad4fe6b2a6aeed' and ignoring 'Assets/JsonDotNet/Assemblies/Standalone/Newtonsoft.Json.dll, AssemblyName=Newtonsoft.Json, Version=8.0.0.0, Culture=neutral, PublicKeyToken=null'.Symbol file LoadedFromMemory is not a mono symbol file
Symbol file LoadedFromMemory is not a mono symbol file
Symbol file LoadedFromMemory is not a mono symbol file
- Loaded All Assemblies, in  0.320 seconds
Native extension for WindowsStandalone target not found
[Package Manager] Server::EnsureServerProcessIsRunning -- launch failed, reason: Unity was launched with the -noUpm command-line argument
[Package Manager] UpmClient::Send -- Unable to send message (not connected to UPM process).
[Package Manager] Cannot connect to Unity Package Manager local server
Mono: successfully reloaded assembly
- Finished resetting the current domain, in  0.715 seconds
Domain Reload Profiling: 1034ms
	BeginReloadAssembly (102ms)
		ExecutionOrderSort (0ms)
		DisableScriptedObjects (3ms)
		BackupInstance (0ms)
		ReleaseScriptingObjects (0ms)
		CreateAndSetChildDomain (29ms)
	RebuildCommonClasses (20ms)
	RebuildNativeTypeToScriptingClass (7ms)
	initialDomainReloadingComplete (17ms)
	LoadAllAssembliesAndSetupDomain (173ms)
		LoadAssemblies (213ms)
		RebuildTransferFunctionScriptingTraits (0ms)
		AnalyzeDomain (7ms)
			TypeCache.Refresh (3ms)
				TypeCache.ScanAssembly (0ms)
			ScanForSourceGeneratedMonoScriptInfo (0ms)
			ResolveRequiredComponents (2ms)
	FinalizeReload (716ms)
		ReleaseScriptCaches (0ms)
		RebuildScriptCaches (0ms)
		SetupLoadedEditorAssemblies (450ms)
			LogAssemblyErrors (0ms)
			InitializePlatformSupportModulesInManaged (4ms)
			SetLoadedEditorAssemblies (4ms)
			RefreshPlugins (0ms)
			BeforeProcessingInitializeOnLoad (61ms)
			ProcessInitializeOnLoadAttributes (258ms)
			ProcessInitializeOnLoadMethodAttributes (118ms)
			AfterProcessingInitializeOnLoad (5ms)
			EditorAssembliesLoaded (0ms)
		ExecutionOrderSort2 (0ms)
		AwakeInstancesAfterBackupRestoration (9ms)
Refreshing native plugins compatible for Editor in 7.08 ms, found 2 plugins.
Preloading 0 native plugins for Editor in 0.00 ms.
Unloading 2567 Unused Serialized files (Serialized files now loaded: 0)
Unloading 16 unused Assets / (28.7 KB). Loaded Objects now: 3226.
Memory consumption went from 130.2 MB to 130.2 MB.
Total: 5.298200 ms (FindLiveObjects: 0.187200 ms CreateObjectMapping: 0.043300 ms MarkObjects: 5.029500 ms  DeleteObjects: 0.037200 ms)

Prepare: number of updated asset objects reloaded= 0
AssetImportParameters requested are different than current active one (requested -> active):
  custom:video-decoder-webm-vp8: 9c59270c3fd7afecdb556c50c9e8de78 -> 
  custom:SearchIndexIgnoredProperties: e643bd26f0fe6173181afceb89e7c659 -> 
  custom:container-demuxer-ogg: 62fdf1f143b41e24485cea50d1cbac27 -> 
  custom:AudioImporter_EditorPlatform: d09bf68614088b80899f8185d706f6e7 -> 
  custom:video-codec-MediaFoundation-h265: 746d11721c4dcdbdad8f713fa42b33f4 -> 
  custom:scripting/monoscript/fileName/NpcManager.cs: 9f4326f993fd7d51a4d1a73853d4ba31 -> 
  custom:video-decoder-ogg-theora: a1e56fd34408186e4bbccfd4996cb3dc -> 
  custom:scripting/monoscript/fileName/UIWindow.cs: 7db82bcecb4b958f30aed5044bc64212 -> 0e7898ffba56fd4251696ffffdb4e820
  custom:framework-win-MediaFoundation: 216162199b28c13a410421893ffa2e32 -> 
  custom:scripting/monoscript/fileName/UIMiniMap.cs: aa15a4a572f78937c1fa26384619a3de -> 
  custom:video-encoder-webm-vp8: eb34c28f22e8b96e1ab97ce403110664 -> 
  custom:audio-decoder-ogg-vorbis: bf7c407c2cedff20999df2af8eb42d56 -> 
  custom:CustomObjectIndexerAttribute: 9a22284fe3817be447336de3de66b15e -> 
  custom:container-demuxer-webm: 4f35f7cbe854078d1ac9338744f61a02 -> 
  custom:scripting/monoscript/fileName/TestManager.cs: e35120e74bab4bced52d717ecbc68775 -> 
  custom:audio-encoder-webm-vorbis: bf7c407c2cedff20999df2af8eb42d56 -> 
  custom:container-muxer-webm: aa71ff27fc2769a1b78a27578f13a17b -> 
  custom:scripting/monoscript/fileName/GameObjectManager.cs: 9d28bc19d4b44a5e0f0e05ca4ef15caa -> 5b6bf09c65110f6e9277a06c37dc6b07
========================================================================
Received Prepare
Caller must complete domain reload
Begin MonoManager ReloadAssembly
Duplicate assembly 'log4net.dll' with different versions detected, using 'Assets/References/log4net.dll, AssemblyName=log4net, Version=2.0.8.0, Culture=neutral, PublicKeyToken=null' and ignoring 'Packages/com.unity.collab-proxy/Lib/Editor/PlasticSCM/log4netPlastic.dll, AssemblyName=log4net, Version=1.2.15.0, Culture=neutral, PublicKeyToken=669e0ddf0bb1aa2a'.Duplicate assembly 'Newtonsoft.Json.dll' with different versions detected, using 'Packages/com.unity.nuget.newtonsoft-json/Runtime/Newtonsoft.Json.dll, AssemblyName=Newtonsoft.Json, Version=13.0.0.0, Culture=neutral, PublicKeyToken=30ad4fe6b2a6aeed' and ignoring 'Assets/JsonDotNet/Assemblies/Standalone/Newtonsoft.Json.dll, AssemblyName=Newtonsoft.Json, Version=8.0.0.0, Culture=neutral, PublicKeyToken=null'.Symbol file LoadedFromMemory is not a mono symbol file
Symbol file LoadedFromMemory is not a mono symbol file
Symbol file LoadedFromMemory is not a mono symbol file
- Loaded All Assemblies, in  0.382 seconds
Native extension for WindowsStandalone target not found
[Package Manager] Server::EnsureServerProcessIsRunning -- launch failed, reason: Unity was launched with the -noUpm command-line argument
[Package Manager] UpmClient::Send -- Unable to send message (not connected to UPM process).
[Package Manager] Cannot connect to Unity Package Manager local server
Mono: successfully reloaded assembly
- Finished resetting the current domain, in  0.814 seconds
Domain Reload Profiling: 1194ms
	BeginReloadAssembly (117ms)
		ExecutionOrderSort (0ms)
		DisableScriptedObjects (5ms)
		BackupInstance (0ms)
		ReleaseScriptingObjects (0ms)
		CreateAndSetChildDomain (33ms)
	RebuildCommonClasses (26ms)
	RebuildNativeTypeToScriptingClass (10ms)
	initialDomainReloadingComplete (24ms)
	LoadAllAssembliesAndSetupDomain (202ms)
		LoadAssemblies (237ms)
		RebuildTransferFunctionScriptingTraits (0ms)
		AnalyzeDomain (18ms)
			TypeCache.Refresh (9ms)
				TypeCache.ScanAssembly (2ms)
			ScanForSourceGeneratedMonoScriptInfo (6ms)
			ResolveRequiredComponents (2ms)
	FinalizeReload (815ms)
		ReleaseScriptCaches (0ms)
		RebuildScriptCaches (0ms)
		SetupLoadedEditorAssemblies (515ms)
			LogAssemblyErrors (0ms)
			InitializePlatformSupportModulesInManaged (5ms)
			SetLoadedEditorAssemblies (3ms)
			RefreshPlugins (0ms)
			BeforeProcessingInitializeOnLoad (62ms)
			ProcessInitializeOnLoadAttributes (295ms)
			ProcessInitializeOnLoadMethodAttributes (142ms)
			AfterProcessingInitializeOnLoad (8ms)
			EditorAssembliesLoaded (0ms)
		ExecutionOrderSort2 (0ms)
		AwakeInstancesAfterBackupRestoration (7ms)
Refreshing native plugins compatible for Editor in 9.70 ms, found 2 plugins.
Preloading 0 native plugins for Editor in 0.00 ms.
Unloading 2567 Unused Serialized files (Serialized files now loaded: 0)
Unloading 16 unused Assets / (28.8 KB). Loaded Objects now: 3229.
Memory consumption went from 130.2 MB to 130.2 MB.
Total: 6.771400 ms (FindLiveObjects: 0.323700 ms CreateObjectMapping: 0.061800 ms MarkObjects: 6.343400 ms  DeleteObjects: 0.041400 ms)

Prepare: number of updated asset objects reloaded= 0
AssetImportParameters requested are different than current active one (requested -> active):
  custom:video-decoder-webm-vp8: 9c59270c3fd7afecdb556c50c9e8de78 -> 
  custom:SearchIndexIgnoredProperties: e643bd26f0fe6173181afceb89e7c659 -> 
  custom:container-demuxer-ogg: 62fdf1f143b41e24485cea50d1cbac27 -> 
  custom:AudioImporter_EditorPlatform: d09bf68614088b80899f8185d706f6e7 -> 
  custom:video-codec-MediaFoundation-h265: 746d11721c4dcdbdad8f713fa42b33f4 -> 
  custom:scripting/monoscript/fileName/NpcManager.cs: 9f4326f993fd7d51a4d1a73853d4ba31 -> 
  custom:video-decoder-ogg-theora: a1e56fd34408186e4bbccfd4996cb3dc -> 
  custom:scripting/monoscript/fileName/UIWindow.cs: 7db82bcecb4b958f30aed5044bc64212 -> 0e7898ffba56fd4251696ffffdb4e820
  custom:framework-win-MediaFoundation: 216162199b28c13a410421893ffa2e32 -> 
  custom:scripting/monoscript/fileName/UIMiniMap.cs: aa15a4a572f78937c1fa26384619a3de -> 
  custom:video-encoder-webm-vp8: eb34c28f22e8b96e1ab97ce403110664 -> 
  custom:audio-decoder-ogg-vorbis: bf7c407c2cedff20999df2af8eb42d56 -> 
  custom:CustomObjectIndexerAttribute: 9a22284fe3817be447336de3de66b15e -> 
  custom:container-demuxer-webm: 4f35f7cbe854078d1ac9338744f61a02 -> 
  custom:scripting/monoscript/fileName/TestManager.cs: e35120e74bab4bced52d717ecbc68775 -> 
  custom:audio-encoder-webm-vorbis: bf7c407c2cedff20999df2af8eb42d56 -> 
  custom:container-muxer-webm: aa71ff27fc2769a1b78a27578f13a17b -> 
  custom:scripting/monoscript/fileName/GameObjectManager.cs: 9d28bc19d4b44a5e0f0e05ca4ef15caa -> 5b6bf09c65110f6e9277a06c37dc6b07
========================================================================
Received Prepare
Caller must complete domain reload
Begin MonoManager ReloadAssembly
Duplicate assembly 'log4net.dll' with different versions detected, using 'Assets/References/log4net.dll, AssemblyName=log4net, Version=2.0.8.0, Culture=neutral, PublicKeyToken=null' and ignoring 'Packages/com.unity.collab-proxy/Lib/Editor/PlasticSCM/log4netPlastic.dll, AssemblyName=log4net, Version=1.2.15.0, Culture=neutral, PublicKeyToken=669e0ddf0bb1aa2a'.Duplicate assembly 'Newtonsoft.Json.dll' with different versions detected, using 'Packages/com.unity.nuget.newtonsoft-json/Runtime/Newtonsoft.Json.dll, AssemblyName=Newtonsoft.Json, Version=13.0.0.0, Culture=neutral, PublicKeyToken=30ad4fe6b2a6aeed' and ignoring 'Assets/JsonDotNet/Assemblies/Standalone/Newtonsoft.Json.dll, AssemblyName=Newtonsoft.Json, Version=8.0.0.0, Culture=neutral, PublicKeyToken=null'.Symbol file LoadedFromMemory is not a mono symbol file
Symbol file LoadedFromMemory is not a mono symbol file
Symbol file LoadedFromMemory is not a mono symbol file
- Loaded All Assemblies, in  0.327 seconds
Native extension for WindowsStandalone target not found
[Package Manager] Server::EnsureServerProcessIsRunning -- launch failed, reason: Unity was launched with the -noUpm command-line argument
[Package Manager] UpmClient::Send -- Unable to send message (not connected to UPM process).
[Package Manager] Cannot connect to Unity Package Manager local server
Mono: successfully reloaded assembly
- Finished resetting the current domain, in  0.661 seconds
Domain Reload Profiling: 985ms
	BeginReloadAssembly (111ms)
		ExecutionOrderSort (0ms)
		DisableScriptedObjects (3ms)
		BackupInstance (0ms)
		ReleaseScriptingObjects (0ms)
		CreateAndSetChildDomain (34ms)
	RebuildCommonClasses (19ms)
	RebuildNativeTypeToScriptingClass (7ms)
	initialDomainReloadingComplete (21ms)
	LoadAllAssembliesAndSetupDomain (167ms)
		LoadAssemblies (210ms)
		RebuildTransferFunctionScriptingTraits (0ms)
		AnalyzeDomain (6ms)
			TypeCache.Refresh (3ms)
				TypeCache.ScanAssembly (0ms)
			ScanForSourceGeneratedMonoScriptInfo (0ms)
			ResolveRequiredComponents (2ms)
	FinalizeReload (662ms)
		ReleaseScriptCaches (0ms)
		RebuildScriptCaches (0ms)
		SetupLoadedEditorAssemblies (415ms)
			LogAssemblyErrors (0ms)
			InitializePlatformSupportModulesInManaged (4ms)
			SetLoadedEditorAssemblies (3ms)
			RefreshPlugins (0ms)
			BeforeProcessingInitializeOnLoad (54ms)
			ProcessInitializeOnLoadAttributes (247ms)
			ProcessInitializeOnLoadMethodAttributes (104ms)
			AfterProcessingInitializeOnLoad (4ms)
			EditorAssembliesLoaded (0ms)
		ExecutionOrderSort2 (0ms)
		AwakeInstancesAfterBackupRestoration (5ms)
Refreshing native plugins compatible for Editor in 8.43 ms, found 2 plugins.
Preloading 0 native plugins for Editor in 0.00 ms.
Unloading 2567 Unused Serialized files (Serialized files now loaded: 0)
Unloading 16 unused Assets / (28.7 KB). Loaded Objects now: 3232.
Memory consumption went from 130.2 MB to 130.2 MB.
Total: 6.003200 ms (FindLiveObjects: 0.193100 ms CreateObjectMapping: 0.072600 ms MarkObjects: 5.699200 ms  DeleteObjects: 0.037400 ms)

Prepare: number of updated asset objects reloaded= 0
AssetImportParameters requested are different than current active one (requested -> active):
  custom:video-decoder-webm-vp8: 9c59270c3fd7afecdb556c50c9e8de78 -> 
  custom:SearchIndexIgnoredProperties: e643bd26f0fe6173181afceb89e7c659 -> 
  custom:container-demuxer-ogg: 62fdf1f143b41e24485cea50d1cbac27 -> 
  custom:AudioImporter_EditorPlatform: d09bf68614088b80899f8185d706f6e7 -> 
  custom:video-codec-MediaFoundation-h265: 746d11721c4dcdbdad8f713fa42b33f4 -> 
  custom:scripting/monoscript/fileName/NpcManager.cs: 9f4326f993fd7d51a4d1a73853d4ba31 -> 
  custom:video-decoder-ogg-theora: a1e56fd34408186e4bbccfd4996cb3dc -> 
  custom:scripting/monoscript/fileName/UIWindow.cs: 7db82bcecb4b958f30aed5044bc64212 -> 0e7898ffba56fd4251696ffffdb4e820
  custom:framework-win-MediaFoundation: 216162199b28c13a410421893ffa2e32 -> 
  custom:scripting/monoscript/fileName/UIMiniMap.cs: aa15a4a572f78937c1fa26384619a3de -> 
  custom:video-encoder-webm-vp8: eb34c28f22e8b96e1ab97ce403110664 -> 
  custom:audio-decoder-ogg-vorbis: bf7c407c2cedff20999df2af8eb42d56 -> 
  custom:CustomObjectIndexerAttribute: 9a22284fe3817be447336de3de66b15e -> 
  custom:container-demuxer-webm: 4f35f7cbe854078d1ac9338744f61a02 -> 
  custom:scripting/monoscript/fileName/TestManager.cs: e35120e74bab4bced52d717ecbc68775 -> 
  custom:audio-encoder-webm-vorbis: bf7c407c2cedff20999df2af8eb42d56 -> 
  custom:container-muxer-webm: aa71ff27fc2769a1b78a27578f13a17b -> 
  custom:scripting/monoscript/fileName/GameObjectManager.cs: 9d28bc19d4b44a5e0f0e05ca4ef15caa -> 5b6bf09c65110f6e9277a06c37dc6b07
========================================================================
Received Prepare
Caller must complete domain reload
Begin MonoManager ReloadAssembly
Duplicate assembly 'log4net.dll' with different versions detected, using 'Assets/References/log4net.dll, AssemblyName=log4net, Version=2.0.8.0, Culture=neutral, PublicKeyToken=null' and ignoring 'Packages/com.unity.collab-proxy/Lib/Editor/PlasticSCM/log4netPlastic.dll, AssemblyName=log4net, Version=1.2.15.0, Culture=neutral, PublicKeyToken=669e0ddf0bb1aa2a'.Duplicate assembly 'Newtonsoft.Json.dll' with different versions detected, using 'Packages/com.unity.nuget.newtonsoft-json/Runtime/Newtonsoft.Json.dll, AssemblyName=Newtonsoft.Json, Version=13.0.0.0, Culture=neutral, PublicKeyToken=30ad4fe6b2a6aeed' and ignoring 'Assets/JsonDotNet/Assemblies/Standalone/Newtonsoft.Json.dll, AssemblyName=Newtonsoft.Json, Version=8.0.0.0, Culture=neutral, PublicKeyToken=null'.Symbol file LoadedFromMemory is not a mono symbol file
Symbol file LoadedFromMemory is not a mono symbol file
Symbol file LoadedFromMemory is not a mono symbol file
- Loaded All Assemblies, in  0.388 seconds
Native extension for WindowsStandalone target not found
[Package Manager] Server::EnsureServerProcessIsRunning -- launch failed, reason: Unity was launched with the -noUpm command-line argument
[Package Manager] UpmClient::Send -- Unable to send message (not connected to UPM process).
[Package Manager] Cannot connect to Unity Package Manager local server
Mono: successfully reloaded assembly
- Finished resetting the current domain, in  0.826 seconds
Domain Reload Profiling: 1211ms
	BeginReloadAssembly (122ms)
		ExecutionOrderSort (0ms)
		DisableScriptedObjects (5ms)
		BackupInstance (0ms)
		ReleaseScriptingObjects (0ms)
		CreateAndSetChildDomain (29ms)
	RebuildCommonClasses (21ms)
	RebuildNativeTypeToScriptingClass (10ms)
	initialDomainReloadingComplete (23ms)
	LoadAllAssembliesAndSetupDomain (208ms)
		LoadAssemblies (260ms)
		RebuildTransferFunctionScriptingTraits (0ms)
		AnalyzeDomain (9ms)
			TypeCache.Refresh (4ms)
				TypeCache.ScanAssembly (0ms)
			ScanForSourceGeneratedMonoScriptInfo (0ms)
			ResolveRequiredComponents (3ms)
	FinalizeReload (827ms)
		ReleaseScriptCaches (0ms)
		RebuildScriptCaches (0ms)
		SetupLoadedEditorAssemblies (523ms)
			LogAssemblyErrors (0ms)
			InitializePlatformSupportModulesInManaged (4ms)
			SetLoadedEditorAssemblies (3ms)
			RefreshPlugins (0ms)
			BeforeProcessingInitializeOnLoad (58ms)
			ProcessInitializeOnLoadAttributes (288ms)
			ProcessInitializeOnLoadMethodAttributes (160ms)
			AfterProcessingInitializeOnLoad (8ms)
			EditorAssembliesLoaded (0ms)
		ExecutionOrderSort2 (0ms)
		AwakeInstancesAfterBackupRestoration (7ms)
Refreshing native plugins compatible for Editor in 9.20 ms, found 2 plugins.
Preloading 0 native plugins for Editor in 0.00 ms.
Unloading 2567 Unused Serialized files (Serialized files now loaded: 0)
Unloading 16 unused Assets / (28.7 KB). Loaded Objects now: 3235.
Memory consumption went from 130.2 MB to 130.2 MB.
Total: 7.190600 ms (FindLiveObjects: 0.473400 ms CreateObjectMapping: 0.214900 ms MarkObjects: 6.458600 ms  DeleteObjects: 0.042600 ms)

Prepare: number of updated asset objects reloaded= 0
AssetImportParameters requested are different than current active one (requested -> active):
  custom:video-decoder-webm-vp8: 9c59270c3fd7afecdb556c50c9e8de78 -> 
  custom:SearchIndexIgnoredProperties: e643bd26f0fe6173181afceb89e7c659 -> 
  custom:container-demuxer-ogg: 62fdf1f143b41e24485cea50d1cbac27 -> 
  custom:AudioImporter_EditorPlatform: d09bf68614088b80899f8185d706f6e7 -> 
  custom:video-codec-MediaFoundation-h265: 746d11721c4dcdbdad8f713fa42b33f4 -> 
  custom:scripting/monoscript/fileName/NpcManager.cs: 9f4326f993fd7d51a4d1a73853d4ba31 -> 
  custom:video-decoder-ogg-theora: a1e56fd34408186e4bbccfd4996cb3dc -> 
  custom:scripting/monoscript/fileName/UIWindow.cs: 7db82bcecb4b958f30aed5044bc64212 -> 0e7898ffba56fd4251696ffffdb4e820
  custom:framework-win-MediaFoundation: 216162199b28c13a410421893ffa2e32 -> 
  custom:scripting/monoscript/fileName/UIMiniMap.cs: aa15a4a572f78937c1fa26384619a3de -> 
  custom:video-encoder-webm-vp8: eb34c28f22e8b96e1ab97ce403110664 -> 
  custom:audio-decoder-ogg-vorbis: bf7c407c2cedff20999df2af8eb42d56 -> 
  custom:CustomObjectIndexerAttribute: 9a22284fe3817be447336de3de66b15e -> 
  custom:container-demuxer-webm: 4f35f7cbe854078d1ac9338744f61a02 -> 
  custom:scripting/monoscript/fileName/TestManager.cs: e35120e74bab4bced52d717ecbc68775 -> 
  custom:audio-encoder-webm-vorbis: bf7c407c2cedff20999df2af8eb42d56 -> 
  custom:container-muxer-webm: aa71ff27fc2769a1b78a27578f13a17b -> 
  custom:scripting/monoscript/fileName/GameObjectManager.cs: 9d28bc19d4b44a5e0f0e05ca4ef15caa -> 5b6bf09c65110f6e9277a06c37dc6b07
========================================================================
Received Prepare
Caller must complete domain reload
Begin MonoManager ReloadAssembly
Duplicate assembly 'log4net.dll' with different versions detected, using 'Assets/References/log4net.dll, AssemblyName=log4net, Version=2.0.8.0, Culture=neutral, PublicKeyToken=null' and ignoring 'Packages/com.unity.collab-proxy/Lib/Editor/PlasticSCM/log4netPlastic.dll, AssemblyName=log4net, Version=1.2.15.0, Culture=neutral, PublicKeyToken=669e0ddf0bb1aa2a'.Duplicate assembly 'Newtonsoft.Json.dll' with different versions detected, using 'Packages/com.unity.nuget.newtonsoft-json/Runtime/Newtonsoft.Json.dll, AssemblyName=Newtonsoft.Json, Version=13.0.0.0, Culture=neutral, PublicKeyToken=30ad4fe6b2a6aeed' and ignoring 'Assets/JsonDotNet/Assemblies/Standalone/Newtonsoft.Json.dll, AssemblyName=Newtonsoft.Json, Version=8.0.0.0, Culture=neutral, PublicKeyToken=null'.Symbol file LoadedFromMemory is not a mono symbol file
Symbol file LoadedFromMemory is not a mono symbol file
Symbol file LoadedFromMemory is not a mono symbol file
- Loaded All Assemblies, in  0.394 seconds
Native extension for WindowsStandalone target not found
[Package Manager] Server::EnsureServerProcessIsRunning -- launch failed, reason: Unity was launched with the -noUpm command-line argument
[Package Manager] UpmClient::Send -- Unable to send message (not connected to UPM process).
[Package Manager] Cannot connect to Unity Package Manager local server
Mono: successfully reloaded assembly
- Finished resetting the current domain, in  0.758 seconds
Domain Reload Profiling: 1149ms
	BeginReloadAssembly (128ms)
		ExecutionOrderSort (0ms)
		DisableScriptedObjects (4ms)
		BackupInstance (0ms)
		ReleaseScriptingObjects (0ms)
		CreateAndSetChildDomain (44ms)
	RebuildCommonClasses (27ms)
	RebuildNativeTypeToScriptingClass (9ms)
	initialDomainReloadingComplete (26ms)
	LoadAllAssembliesAndSetupDomain (201ms)
		LoadAssemblies (249ms)
		RebuildTransferFunctionScriptingTraits (0ms)
		AnalyzeDomain (7ms)
			TypeCache.Refresh (3ms)
				TypeCache.ScanAssembly (0ms)
			ScanForSourceGeneratedMonoScriptInfo (0ms)
			ResolveRequiredComponents (3ms)
	FinalizeReload (759ms)
		ReleaseScriptCaches (0ms)
		RebuildScriptCaches (0ms)
		SetupLoadedEditorAssemblies (477ms)
			LogAssemblyErrors (0ms)
			InitializePlatformSupportModulesInManaged (4ms)
			SetLoadedEditorAssemblies (4ms)
			RefreshPlugins (0ms)
			BeforeProcessingInitializeOnLoad (61ms)
			ProcessInitializeOnLoadAttributes (284ms)
			ProcessInitializeOnLoadMethodAttributes (119ms)
			AfterProcessingInitializeOnLoad (4ms)
			EditorAssembliesLoaded (0ms)
		ExecutionOrderSort2 (0ms)
		AwakeInstancesAfterBackupRestoration (7ms)
Refreshing native plugins compatible for Editor in 6.40 ms, found 2 plugins.
Preloading 0 native plugins for Editor in 0.00 ms.
Unloading 2567 Unused Serialized files (Serialized files now loaded: 0)
Unloading 16 unused Assets / (28.8 KB). Loaded Objects now: 3238.
Memory consumption went from 130.2 MB to 130.2 MB.
Total: 5.382100 ms (FindLiveObjects: 0.187900 ms CreateObjectMapping: 0.066700 ms MarkObjects: 5.091500 ms  DeleteObjects: 0.035300 ms)

Prepare: number of updated asset objects reloaded= 0
AssetImportParameters requested are different than current active one (requested -> active):
  custom:video-decoder-webm-vp8: 9c59270c3fd7afecdb556c50c9e8de78 -> 
  custom:SearchIndexIgnoredProperties: e643bd26f0fe6173181afceb89e7c659 -> 
  custom:container-demuxer-ogg: 62fdf1f143b41e24485cea50d1cbac27 -> 
  custom:AudioImporter_EditorPlatform: d09bf68614088b80899f8185d706f6e7 -> 
  custom:video-codec-MediaFoundation-h265: 746d11721c4dcdbdad8f713fa42b33f4 -> 
  custom:scripting/monoscript/fileName/NpcManager.cs: 9f4326f993fd7d51a4d1a73853d4ba31 -> 
  custom:video-decoder-ogg-theora: a1e56fd34408186e4bbccfd4996cb3dc -> 
  custom:scripting/monoscript/fileName/UIWindow.cs: 7db82bcecb4b958f30aed5044bc64212 -> 0e7898ffba56fd4251696ffffdb4e820
  custom:framework-win-MediaFoundation: 216162199b28c13a410421893ffa2e32 -> 
  custom:scripting/monoscript/fileName/UIMiniMap.cs: aa15a4a572f78937c1fa26384619a3de -> 
  custom:video-encoder-webm-vp8: eb34c28f22e8b96e1ab97ce403110664 -> 
  custom:audio-decoder-ogg-vorbis: bf7c407c2cedff20999df2af8eb42d56 -> 
  custom:CustomObjectIndexerAttribute: 9a22284fe3817be447336de3de66b15e -> 
  custom:container-demuxer-webm: 4f35f7cbe854078d1ac9338744f61a02 -> 
  custom:scripting/monoscript/fileName/TestManager.cs: e35120e74bab4bced52d717ecbc68775 -> 
  custom:audio-encoder-webm-vorbis: bf7c407c2cedff20999df2af8eb42d56 -> 
  custom:container-muxer-webm: aa71ff27fc2769a1b78a27578f13a17b -> 
  custom:scripting/monoscript/fileName/GameObjectManager.cs: 9d28bc19d4b44a5e0f0e05ca4ef15caa -> 5b6bf09c65110f6e9277a06c37dc6b07
========================================================================
Received Prepare
Caller must complete domain reload
Begin MonoManager ReloadAssembly
Duplicate assembly 'log4net.dll' with different versions detected, using 'Assets/References/log4net.dll, AssemblyName=log4net, Version=2.0.8.0, Culture=neutral, PublicKeyToken=null' and ignoring 'Packages/com.unity.collab-proxy/Lib/Editor/PlasticSCM/log4netPlastic.dll, AssemblyName=log4net, Version=1.2.15.0, Culture=neutral, PublicKeyToken=669e0ddf0bb1aa2a'.Duplicate assembly 'Newtonsoft.Json.dll' with different versions detected, using 'Packages/com.unity.nuget.newtonsoft-json/Runtime/Newtonsoft.Json.dll, AssemblyName=Newtonsoft.Json, Version=13.0.0.0, Culture=neutral, PublicKeyToken=30ad4fe6b2a6aeed' and ignoring 'Assets/JsonDotNet/Assemblies/Standalone/Newtonsoft.Json.dll, AssemblyName=Newtonsoft.Json, Version=8.0.0.0, Culture=neutral, PublicKeyToken=null'.Symbol file LoadedFromMemory is not a mono symbol file
Symbol file LoadedFromMemory is not a mono symbol file
Symbol file LoadedFromMemory is not a mono symbol file
- Loaded All Assemblies, in  0.321 seconds
Native extension for WindowsStandalone target not found
[Package Manager] Server::EnsureServerProcessIsRunning -- launch failed, reason: Unity was launched with the -noUpm command-line argument
[Package Manager] UpmClient::Send -- Unable to send message (not connected to UPM process).
[Package Manager] Cannot connect to Unity Package Manager local server
Mono: successfully reloaded assembly
- Finished resetting the current domain, in  0.706 seconds
Domain Reload Profiling: 1026ms
	BeginReloadAssembly (116ms)
		ExecutionOrderSort (0ms)
		DisableScriptedObjects (3ms)
		BackupInstance (0ms)
		ReleaseScriptingObjects (0ms)
		CreateAndSetChildDomain (32ms)
	RebuildCommonClasses (20ms)
	RebuildNativeTypeToScriptingClass (6ms)
	initialDomainReloadingComplete (18ms)
	LoadAllAssembliesAndSetupDomain (159ms)
		LoadAssemblies (210ms)
		RebuildTransferFunctionScriptingTraits (0ms)
		AnalyzeDomain (6ms)
			TypeCache.Refresh (3ms)
				TypeCache.ScanAssembly (0ms)
			ScanForSourceGeneratedMonoScriptInfo (0ms)
			ResolveRequiredComponents (2ms)
	FinalizeReload (706ms)
		ReleaseScriptCaches (0ms)
		RebuildScriptCaches (0ms)
		SetupLoadedEditorAssemblies (469ms)
			LogAssemblyErrors (0ms)
			InitializePlatformSupportModulesInManaged (4ms)
			SetLoadedEditorAssemblies (3ms)
			RefreshPlugins (0ms)
			BeforeProcessingInitializeOnLoad (55ms)
			ProcessInitializeOnLoadAttributes (289ms)
			ProcessInitializeOnLoadMethodAttributes (113ms)
			AfterProcessingInitializeOnLoad (5ms)
			EditorAssembliesLoaded (0ms)
		ExecutionOrderSort2 (0ms)
		AwakeInstancesAfterBackupRestoration (6ms)
Refreshing native plugins compatible for Editor in 9.32 ms, found 2 plugins.
Preloading 0 native plugins for Editor in 0.00 ms.
Unloading 2567 Unused Serialized files (Serialized files now loaded: 0)
Unloading 16 unused Assets / (28.8 KB). Loaded Objects now: 3241.
Memory consumption went from 130.2 MB to 130.2 MB.
Total: 5.543800 ms (FindLiveObjects: 0.190800 ms CreateObjectMapping: 0.034300 ms MarkObjects: 5.282200 ms  DeleteObjects: 0.035600 ms)

Prepare: number of updated asset objects reloaded= 0
AssetImportParameters requested are different than current active one (requested -> active):
  custom:video-decoder-webm-vp8: 9c59270c3fd7afecdb556c50c9e8de78 -> 
  custom:SearchIndexIgnoredProperties: e643bd26f0fe6173181afceb89e7c659 -> 
  custom:container-demuxer-ogg: 62fdf1f143b41e24485cea50d1cbac27 -> 
  custom:AudioImporter_EditorPlatform: d09bf68614088b80899f8185d706f6e7 -> 
  custom:video-codec-MediaFoundation-h265: 746d11721c4dcdbdad8f713fa42b33f4 -> 
  custom:scripting/monoscript/fileName/NpcManager.cs: 9f4326f993fd7d51a4d1a73853d4ba31 -> 
  custom:video-decoder-ogg-theora: a1e56fd34408186e4bbccfd4996cb3dc -> 
  custom:scripting/monoscript/fileName/UIWindow.cs: 7db82bcecb4b958f30aed5044bc64212 -> 0e7898ffba56fd4251696ffffdb4e820
  custom:framework-win-MediaFoundation: 216162199b28c13a410421893ffa2e32 -> 
  custom:scripting/monoscript/fileName/UIMiniMap.cs: aa15a4a572f78937c1fa26384619a3de -> 
  custom:video-encoder-webm-vp8: eb34c28f22e8b96e1ab97ce403110664 -> 
  custom:audio-decoder-ogg-vorbis: bf7c407c2cedff20999df2af8eb42d56 -> 
  custom:CustomObjectIndexerAttribute: 9a22284fe3817be447336de3de66b15e -> 
  custom:container-demuxer-webm: 4f35f7cbe854078d1ac9338744f61a02 -> 
  custom:scripting/monoscript/fileName/TestManager.cs: e35120e74bab4bced52d717ecbc68775 -> 
  custom:audio-encoder-webm-vorbis: bf7c407c2cedff20999df2af8eb42d56 -> 
  custom:container-muxer-webm: aa71ff27fc2769a1b78a27578f13a17b -> 
  custom:scripting/monoscript/fileName/GameObjectManager.cs: 9d28bc19d4b44a5e0f0e05ca4ef15caa -> 5b6bf09c65110f6e9277a06c37dc6b07
========================================================================
Received Prepare
Caller must complete domain reload
Begin MonoManager ReloadAssembly
Duplicate assembly 'log4net.dll' with different versions detected, using 'Assets/References/log4net.dll, AssemblyName=log4net, Version=2.0.8.0, Culture=neutral, PublicKeyToken=null' and ignoring 'Packages/com.unity.collab-proxy/Lib/Editor/PlasticSCM/log4netPlastic.dll, AssemblyName=log4net, Version=1.2.15.0, Culture=neutral, PublicKeyToken=669e0ddf0bb1aa2a'.Duplicate assembly 'Newtonsoft.Json.dll' with different versions detected, using 'Packages/com.unity.nuget.newtonsoft-json/Runtime/Newtonsoft.Json.dll, AssemblyName=Newtonsoft.Json, Version=13.0.0.0, Culture=neutral, PublicKeyToken=30ad4fe6b2a6aeed' and ignoring 'Assets/JsonDotNet/Assemblies/Standalone/Newtonsoft.Json.dll, AssemblyName=Newtonsoft.Json, Version=8.0.0.0, Culture=neutral, PublicKeyToken=null'.Symbol file LoadedFromMemory is not a mono symbol file
Symbol file LoadedFromMemory is not a mono symbol file
Symbol file LoadedFromMemory is not a mono symbol file
- Loaded All Assemblies, in  0.513 seconds
Native extension for WindowsStandalone target not found
[Package Manager] Server::EnsureServerProcessIsRunning -- launch failed, reason: Unity was launched with the -noUpm command-line argument
[Package Manager] UpmClient::Send -- Unable to send message (not connected to UPM process).
[Package Manager] Cannot connect to Unity Package Manager local server
Mono: successfully reloaded assembly
- Finished resetting the current domain, in  0.685 seconds
Domain Reload Profiling: 1192ms
	BeginReloadAssembly (170ms)
		ExecutionOrderSort (0ms)
		DisableScriptedObjects (5ms)
		BackupInstance (0ms)
		ReleaseScriptingObjects (0ms)
		CreateAndSetChildDomain (31ms)
	RebuildCommonClasses (51ms)
	RebuildNativeTypeToScriptingClass (10ms)
	initialDomainReloadingComplete (32ms)
	LoadAllAssembliesAndSetupDomain (243ms)
		LoadAssemblies (331ms)
		RebuildTransferFunctionScriptingTraits (0ms)
		AnalyzeDomain (18ms)
			TypeCache.Refresh (9ms)
				TypeCache.ScanAssembly (3ms)
			ScanForSourceGeneratedMonoScriptInfo (5ms)
			ResolveRequiredComponents (3ms)
	FinalizeReload (685ms)
		ReleaseScriptCaches (0ms)
		RebuildScriptCaches (0ms)
		SetupLoadedEditorAssemblies (400ms)
			LogAssemblyErrors (0ms)
			InitializePlatformSupportModulesInManaged (4ms)
			SetLoadedEditorAssemblies (3ms)
			RefreshPlugins (0ms)
			BeforeProcessingInitializeOnLoad (56ms)
			ProcessInitializeOnLoadAttributes (239ms)
			ProcessInitializeOnLoadMethodAttributes (95ms)
			AfterProcessingInitializeOnLoad (4ms)
			EditorAssembliesLoaded (0ms)
		ExecutionOrderSort2 (0ms)
		AwakeInstancesAfterBackupRestoration (5ms)
Refreshing native plugins compatible for Editor in 7.24 ms, found 2 plugins.
Preloading 0 native plugins for Editor in 0.00 ms.
Unloading 2567 Unused Serialized files (Serialized files now loaded: 0)
Unloading 16 unused Assets / (28.7 KB). Loaded Objects now: 3244.
Memory consumption went from 130.2 MB to 130.2 MB.
Total: 5.219300 ms (FindLiveObjects: 0.196000 ms CreateObjectMapping: 0.056600 ms MarkObjects: 4.927800 ms  DeleteObjects: 0.038000 ms)

Prepare: number of updated asset objects reloaded= 0
AssetImportParameters requested are different than current active one (requested -> active):
  custom:video-decoder-webm-vp8: 9c59270c3fd7afecdb556c50c9e8de78 -> 
  custom:SearchIndexIgnoredProperties: e643bd26f0fe6173181afceb89e7c659 -> 
  custom:container-demuxer-ogg: 62fdf1f143b41e24485cea50d1cbac27 -> 
  custom:AudioImporter_EditorPlatform: d09bf68614088b80899f8185d706f6e7 -> 
  custom:video-codec-MediaFoundation-h265: 746d11721c4dcdbdad8f713fa42b33f4 -> 
  custom:scripting/monoscript/fileName/NpcManager.cs: 9f4326f993fd7d51a4d1a73853d4ba31 -> 
  custom:video-decoder-ogg-theora: a1e56fd34408186e4bbccfd4996cb3dc -> 
  custom:scripting/monoscript/fileName/UIWindow.cs: 7db82bcecb4b958f30aed5044bc64212 -> 0e7898ffba56fd4251696ffffdb4e820
  custom:framework-win-MediaFoundation: 216162199b28c13a410421893ffa2e32 -> 
  custom:scripting/monoscript/fileName/UIMiniMap.cs: aa15a4a572f78937c1fa26384619a3de -> 
  custom:video-encoder-webm-vp8: eb34c28f22e8b96e1ab97ce403110664 -> 
  custom:audio-decoder-ogg-vorbis: bf7c407c2cedff20999df2af8eb42d56 -> 
  custom:CustomObjectIndexerAttribute: 9a22284fe3817be447336de3de66b15e -> 
  custom:container-demuxer-webm: 4f35f7cbe854078d1ac9338744f61a02 -> 
  custom:scripting/monoscript/fileName/TestManager.cs: e35120e74bab4bced52d717ecbc68775 -> 
  custom:audio-encoder-webm-vorbis: bf7c407c2cedff20999df2af8eb42d56 -> 
  custom:container-muxer-webm: aa71ff27fc2769a1b78a27578f13a17b -> 
  custom:scripting/monoscript/fileName/GameObjectManager.cs: 9d28bc19d4b44a5e0f0e05ca4ef15caa -> 5b6bf09c65110f6e9277a06c37dc6b07
========================================================================
Received Prepare
Caller must complete domain reload
Begin MonoManager ReloadAssembly
Duplicate assembly 'log4net.dll' with different versions detected, using 'Assets/References/log4net.dll, AssemblyName=log4net, Version=2.0.8.0, Culture=neutral, PublicKeyToken=null' and ignoring 'Packages/com.unity.collab-proxy/Lib/Editor/PlasticSCM/log4netPlastic.dll, AssemblyName=log4net, Version=1.2.15.0, Culture=neutral, PublicKeyToken=669e0ddf0bb1aa2a'.Duplicate assembly 'Newtonsoft.Json.dll' with different versions detected, using 'Packages/com.unity.nuget.newtonsoft-json/Runtime/Newtonsoft.Json.dll, AssemblyName=Newtonsoft.Json, Version=13.0.0.0, Culture=neutral, PublicKeyToken=30ad4fe6b2a6aeed' and ignoring 'Assets/JsonDotNet/Assemblies/Standalone/Newtonsoft.Json.dll, AssemblyName=Newtonsoft.Json, Version=8.0.0.0, Culture=neutral, PublicKeyToken=null'.Symbol file LoadedFromMemory is not a mono symbol file
Symbol file LoadedFromMemory is not a mono symbol file
Symbol file LoadedFromMemory is not a mono symbol file
- Loaded All Assemblies, in  0.313 seconds
Native extension for WindowsStandalone target not found
[Package Manager] Server::EnsureServerProcessIsRunning -- launch failed, reason: Unity was launched with the -noUpm command-line argument
[Package Manager] UpmClient::Send -- Unable to send message (not connected to UPM process).
[Package Manager] Cannot connect to Unity Package Manager local server
Mono: successfully reloaded assembly
- Finished resetting the current domain, in  0.724 seconds
Domain Reload Profiling: 1036ms
	BeginReloadAssembly (108ms)
		ExecutionOrderSort (0ms)
		DisableScriptedObjects (4ms)
		BackupInstance (0ms)
		ReleaseScriptingObjects (0ms)
		CreateAndSetChildDomain (28ms)
	RebuildCommonClasses (20ms)
	RebuildNativeTypeToScriptingClass (7ms)
	initialDomainReloadingComplete (17ms)
	LoadAllAssembliesAndSetupDomain (160ms)
		LoadAssemblies (206ms)
		RebuildTransferFunctionScriptingTraits (0ms)
		AnalyzeDomain (6ms)
			TypeCache.Refresh (3ms)
				TypeCache.ScanAssembly (0ms)
			ScanForSourceGeneratedMonoScriptInfo (0ms)
			ResolveRequiredComponents (2ms)
	FinalizeReload (724ms)
		ReleaseScriptCaches (0ms)
		RebuildScriptCaches (0ms)
		SetupLoadedEditorAssemblies (469ms)
			LogAssemblyErrors (0ms)
			InitializePlatformSupportModulesInManaged (4ms)
			SetLoadedEditorAssemblies (3ms)
			RefreshPlugins (0ms)
			BeforeProcessingInitializeOnLoad (58ms)
			ProcessInitializeOnLoadAttributes (281ms)
			ProcessInitializeOnLoadMethodAttributes (117ms)
			AfterProcessingInitializeOnLoad (5ms)
			EditorAssembliesLoaded (1ms)
		ExecutionOrderSort2 (0ms)
		AwakeInstancesAfterBackupRestoration (7ms)
Refreshing native plugins compatible for Editor in 6.48 ms, found 2 plugins.
Preloading 0 native plugins for Editor in 0.00 ms.
Unloading 2567 Unused Serialized files (Serialized files now loaded: 0)
Unloading 16 unused Assets / (28.7 KB). Loaded Objects now: 3247.
Memory consumption went from 130.2 MB to 130.2 MB.
Total: 6.604200 ms (FindLiveObjects: 0.231600 ms CreateObjectMapping: 0.039000 ms MarkObjects: 6.290900 ms  DeleteObjects: 0.041800 ms)

Prepare: number of updated asset objects reloaded= 0
AssetImportParameters requested are different than current active one (requested -> active):
  custom:video-decoder-webm-vp8: 9c59270c3fd7afecdb556c50c9e8de78 -> 
  custom:SearchIndexIgnoredProperties: e643bd26f0fe6173181afceb89e7c659 -> 
  custom:container-demuxer-ogg: 62fdf1f143b41e24485cea50d1cbac27 -> 
  custom:AudioImporter_EditorPlatform: d09bf68614088b80899f8185d706f6e7 -> 
  custom:video-codec-MediaFoundation-h265: 746d11721c4dcdbdad8f713fa42b33f4 -> 
  custom:scripting/monoscript/fileName/NpcManager.cs: 9f4326f993fd7d51a4d1a73853d4ba31 -> 
  custom:video-decoder-ogg-theora: a1e56fd34408186e4bbccfd4996cb3dc -> 
  custom:scripting/monoscript/fileName/UIWindow.cs: 7db82bcecb4b958f30aed5044bc64212 -> 0e7898ffba56fd4251696ffffdb4e820
  custom:framework-win-MediaFoundation: 216162199b28c13a410421893ffa2e32 -> 
  custom:scripting/monoscript/fileName/UIMiniMap.cs: aa15a4a572f78937c1fa26384619a3de -> 
  custom:video-encoder-webm-vp8: eb34c28f22e8b96e1ab97ce403110664 -> 
  custom:audio-decoder-ogg-vorbis: bf7c407c2cedff20999df2af8eb42d56 -> 
  custom:CustomObjectIndexerAttribute: 9a22284fe3817be447336de3de66b15e -> 
  custom:container-demuxer-webm: 4f35f7cbe854078d1ac9338744f61a02 -> 
  custom:scripting/monoscript/fileName/TestManager.cs: e35120e74bab4bced52d717ecbc68775 -> 
  custom:audio-encoder-webm-vorbis: bf7c407c2cedff20999df2af8eb42d56 -> 
  custom:container-muxer-webm: aa71ff27fc2769a1b78a27578f13a17b -> 
  custom:scripting/monoscript/fileName/GameObjectManager.cs: 9d28bc19d4b44a5e0f0e05ca4ef15caa -> 5b6bf09c65110f6e9277a06c37dc6b07
========================================================================
Received Prepare
Caller must complete domain reload
Begin MonoManager ReloadAssembly
Duplicate assembly 'log4net.dll' with different versions detected, using 'Assets/References/log4net.dll, AssemblyName=log4net, Version=2.0.8.0, Culture=neutral, PublicKeyToken=null' and ignoring 'Packages/com.unity.collab-proxy/Lib/Editor/PlasticSCM/log4netPlastic.dll, AssemblyName=log4net, Version=1.2.15.0, Culture=neutral, PublicKeyToken=669e0ddf0bb1aa2a'.Duplicate assembly 'Newtonsoft.Json.dll' with different versions detected, using 'Packages/com.unity.nuget.newtonsoft-json/Runtime/Newtonsoft.Json.dll, AssemblyName=Newtonsoft.Json, Version=13.0.0.0, Culture=neutral, PublicKeyToken=30ad4fe6b2a6aeed' and ignoring 'Assets/JsonDotNet/Assemblies/Standalone/Newtonsoft.Json.dll, AssemblyName=Newtonsoft.Json, Version=8.0.0.0, Culture=neutral, PublicKeyToken=null'.Symbol file LoadedFromMemory is not a mono symbol file
Symbol file LoadedFromMemory is not a mono symbol file
Symbol file LoadedFromMemory is not a mono symbol file
- Loaded All Assemblies, in  0.323 seconds
Native extension for WindowsStandalone target not found
[Package Manager] Server::EnsureServerProcessIsRunning -- launch failed, reason: Unity was launched with the -noUpm command-line argument
[Package Manager] UpmClient::Send -- Unable to send message (not connected to UPM process).
[Package Manager] Cannot connect to Unity Package Manager local server
Mono: successfully reloaded assembly
- Finished resetting the current domain, in  0.661 seconds
Domain Reload Profiling: 982ms
	BeginReloadAssembly (104ms)
		ExecutionOrderSort (0ms)
		DisableScriptedObjects (3ms)
		BackupInstance (0ms)
		ReleaseScriptingObjects (0ms)
		CreateAndSetChildDomain (29ms)
	RebuildCommonClasses (20ms)
	RebuildNativeTypeToScriptingClass (7ms)
	initialDomainReloadingComplete (22ms)
	LoadAllAssembliesAndSetupDomain (167ms)
		LoadAssemblies (208ms)
		RebuildTransferFunctionScriptingTraits (0ms)
		AnalyzeDomain (7ms)
			TypeCache.Refresh (4ms)
				TypeCache.ScanAssembly (0ms)
			ScanForSourceGeneratedMonoScriptInfo (0ms)
			ResolveRequiredComponents (2ms)
	FinalizeReload (662ms)
		ReleaseScriptCaches (0ms)
		RebuildScriptCaches (0ms)
		SetupLoadedEditorAssemblies (415ms)
			LogAssemblyErrors (0ms)
			InitializePlatformSupportModulesInManaged (4ms)
			SetLoadedEditorAssemblies (3ms)
			RefreshPlugins (0ms)
			BeforeProcessingInitializeOnLoad (55ms)
			ProcessInitializeOnLoadAttributes (246ms)
			ProcessInitializeOnLoadMethodAttributes (103ms)
			AfterProcessingInitializeOnLoad (5ms)
			EditorAssembliesLoaded (0ms)
		ExecutionOrderSort2 (0ms)
		AwakeInstancesAfterBackupRestoration (6ms)
Refreshing native plugins compatible for Editor in 7.41 ms, found 2 plugins.
Preloading 0 native plugins for Editor in 0.00 ms.
Unloading 2567 Unused Serialized files (Serialized files now loaded: 0)
Unloading 16 unused Assets / (28.7 KB). Loaded Objects now: 3250.
Memory consumption went from 130.2 MB to 130.2 MB.
Total: 5.126500 ms (FindLiveObjects: 0.188300 ms CreateObjectMapping: 0.044300 ms MarkObjects: 4.852400 ms  DeleteObjects: 0.040700 ms)

Prepare: number of updated asset objects reloaded= 0
AssetImportParameters requested are different than current active one (requested -> active):
  custom:video-decoder-webm-vp8: 9c59270c3fd7afecdb556c50c9e8de78 -> 
  custom:SearchIndexIgnoredProperties: e643bd26f0fe6173181afceb89e7c659 -> 
  custom:container-demuxer-ogg: 62fdf1f143b41e24485cea50d1cbac27 -> 
  custom:AudioImporter_EditorPlatform: d09bf68614088b80899f8185d706f6e7 -> 
  custom:video-codec-MediaFoundation-h265: 746d11721c4dcdbdad8f713fa42b33f4 -> 
  custom:scripting/monoscript/fileName/NpcManager.cs: 9f4326f993fd7d51a4d1a73853d4ba31 -> 
  custom:video-decoder-ogg-theora: a1e56fd34408186e4bbccfd4996cb3dc -> 
  custom:scripting/monoscript/fileName/UIWindow.cs: 7db82bcecb4b958f30aed5044bc64212 -> 0e7898ffba56fd4251696ffffdb4e820
  custom:framework-win-MediaFoundation: 216162199b28c13a410421893ffa2e32 -> 
  custom:scripting/monoscript/fileName/UIMiniMap.cs: aa15a4a572f78937c1fa26384619a3de -> 
  custom:video-encoder-webm-vp8: eb34c28f22e8b96e1ab97ce403110664 -> 
  custom:audio-decoder-ogg-vorbis: bf7c407c2cedff20999df2af8eb42d56 -> 
  custom:CustomObjectIndexerAttribute: 9a22284fe3817be447336de3de66b15e -> 
  custom:container-demuxer-webm: 4f35f7cbe854078d1ac9338744f61a02 -> 
  custom:scripting/monoscript/fileName/TestManager.cs: e35120e74bab4bced52d717ecbc68775 -> 
  custom:audio-encoder-webm-vorbis: bf7c407c2cedff20999df2af8eb42d56 -> 
  custom:container-muxer-webm: aa71ff27fc2769a1b78a27578f13a17b -> 
  custom:scripting/monoscript/fileName/GameObjectManager.cs: 9d28bc19d4b44a5e0f0e05ca4ef15caa -> 5b6bf09c65110f6e9277a06c37dc6b07
========================================================================
Received Prepare
Caller must complete domain reload
Begin MonoManager ReloadAssembly
Duplicate assembly 'log4net.dll' with different versions detected, using 'Assets/References/log4net.dll, AssemblyName=log4net, Version=2.0.8.0, Culture=neutral, PublicKeyToken=null' and ignoring 'Packages/com.unity.collab-proxy/Lib/Editor/PlasticSCM/log4netPlastic.dll, AssemblyName=log4net, Version=1.2.15.0, Culture=neutral, PublicKeyToken=669e0ddf0bb1aa2a'.Duplicate assembly 'Newtonsoft.Json.dll' with different versions detected, using 'Packages/com.unity.nuget.newtonsoft-json/Runtime/Newtonsoft.Json.dll, AssemblyName=Newtonsoft.Json, Version=13.0.0.0, Culture=neutral, PublicKeyToken=30ad4fe6b2a6aeed' and ignoring 'Assets/JsonDotNet/Assemblies/Standalone/Newtonsoft.Json.dll, AssemblyName=Newtonsoft.Json, Version=8.0.0.0, Culture=neutral, PublicKeyToken=null'.Symbol file LoadedFromMemory is not a mono symbol file
Symbol file LoadedFromMemory is not a mono symbol file
Symbol file LoadedFromMemory is not a mono symbol file
- Loaded All Assemblies, in  0.339 seconds
Native extension for WindowsStandalone target not found
[Package Manager] Server::EnsureServerProcessIsRunning -- launch failed, reason: Unity was launched with the -noUpm command-line argument
[Package Manager] UpmClient::Send -- Unable to send message (not connected to UPM process).
[Package Manager] Cannot connect to Unity Package Manager local server
Mono: successfully reloaded assembly
- Finished resetting the current domain, in  0.704 seconds
Domain Reload Profiling: 1041ms
	BeginReloadAssembly (105ms)
		ExecutionOrderSort (0ms)
		DisableScriptedObjects (3ms)
		BackupInstance (0ms)
		ReleaseScriptingObjects (0ms)
		CreateAndSetChildDomain (31ms)
	RebuildCommonClasses (25ms)
	RebuildNativeTypeToScriptingClass (7ms)
	initialDomainReloadingComplete (26ms)
	LoadAllAssembliesAndSetupDomain (173ms)
		LoadAssemblies (214ms)
		RebuildTransferFunctionScriptingTraits (0ms)
		AnalyzeDomain (6ms)
			TypeCache.Refresh (3ms)
				TypeCache.ScanAssembly (0ms)
			ScanForSourceGeneratedMonoScriptInfo (0ms)
			ResolveRequiredComponents (2ms)
	FinalizeReload (705ms)
		ReleaseScriptCaches (0ms)
		RebuildScriptCaches (0ms)
		SetupLoadedEditorAssemblies (457ms)
			LogAssemblyErrors (0ms)
			InitializePlatformSupportModulesInManaged (4ms)
			SetLoadedEditorAssemblies (3ms)
			RefreshPlugins (0ms)
			BeforeProcessingInitializeOnLoad (60ms)
			ProcessInitializeOnLoadAttributes (279ms)
			ProcessInitializeOnLoadMethodAttributes (106ms)
			AfterProcessingInitializeOnLoad (4ms)
			EditorAssembliesLoaded (0ms)
		ExecutionOrderSort2 (0ms)
		AwakeInstancesAfterBackupRestoration (6ms)
Refreshing native plugins compatible for Editor in 8.66 ms, found 2 plugins.
Preloading 0 native plugins for Editor in 0.00 ms.
Unloading 2567 Unused Serialized files (Serialized files now loaded: 0)
Unloading 16 unused Assets / (28.8 KB). Loaded Objects now: 3253.
Memory consumption went from 130.2 MB to 130.2 MB.
Total: 5.235400 ms (FindLiveObjects: 0.212800 ms CreateObjectMapping: 0.043900 ms MarkObjects: 4.937400 ms  DeleteObjects: 0.040300 ms)

Prepare: number of updated asset objects reloaded= 0
AssetImportParameters requested are different than current active one (requested -> active):
  custom:video-decoder-webm-vp8: 9c59270c3fd7afecdb556c50c9e8de78 -> 
  custom:SearchIndexIgnoredProperties: e643bd26f0fe6173181afceb89e7c659 -> 
  custom:container-demuxer-ogg: 62fdf1f143b41e24485cea50d1cbac27 -> 
  custom:AudioImporter_EditorPlatform: d09bf68614088b80899f8185d706f6e7 -> 
  custom:video-codec-MediaFoundation-h265: 746d11721c4dcdbdad8f713fa42b33f4 -> 
  custom:scripting/monoscript/fileName/NpcManager.cs: 9f4326f993fd7d51a4d1a73853d4ba31 -> 
  custom:video-decoder-ogg-theora: a1e56fd34408186e4bbccfd4996cb3dc -> 
  custom:scripting/monoscript/fileName/UIWindow.cs: 7db82bcecb4b958f30aed5044bc64212 -> 0e7898ffba56fd4251696ffffdb4e820
  custom:framework-win-MediaFoundation: 216162199b28c13a410421893ffa2e32 -> 
  custom:scripting/monoscript/fileName/UIMiniMap.cs: aa15a4a572f78937c1fa26384619a3de -> 
  custom:video-encoder-webm-vp8: eb34c28f22e8b96e1ab97ce403110664 -> 
  custom:audio-decoder-ogg-vorbis: bf7c407c2cedff20999df2af8eb42d56 -> 
  custom:CustomObjectIndexerAttribute: 9a22284fe3817be447336de3de66b15e -> 
  custom:container-demuxer-webm: 4f35f7cbe854078d1ac9338744f61a02 -> 
  custom:scripting/monoscript/fileName/TestManager.cs: e35120e74bab4bced52d717ecbc68775 -> 
  custom:audio-encoder-webm-vorbis: bf7c407c2cedff20999df2af8eb42d56 -> 
  custom:container-muxer-webm: aa71ff27fc2769a1b78a27578f13a17b -> 
  custom:scripting/monoscript/fileName/GameObjectManager.cs: 9d28bc19d4b44a5e0f0e05ca4ef15caa -> 5b6bf09c65110f6e9277a06c37dc6b07
========================================================================
Received Prepare
Caller must complete domain reload
Begin MonoManager ReloadAssembly
Duplicate assembly 'log4net.dll' with different versions detected, using 'Assets/References/log4net.dll, AssemblyName=log4net, Version=2.0.8.0, Culture=neutral, PublicKeyToken=null' and ignoring 'Packages/com.unity.collab-proxy/Lib/Editor/PlasticSCM/log4netPlastic.dll, AssemblyName=log4net, Version=1.2.15.0, Culture=neutral, PublicKeyToken=669e0ddf0bb1aa2a'.Duplicate assembly 'Newtonsoft.Json.dll' with different versions detected, using 'Packages/com.unity.nuget.newtonsoft-json/Runtime/Newtonsoft.Json.dll, AssemblyName=Newtonsoft.Json, Version=13.0.0.0, Culture=neutral, PublicKeyToken=30ad4fe6b2a6aeed' and ignoring 'Assets/JsonDotNet/Assemblies/Standalone/Newtonsoft.Json.dll, AssemblyName=Newtonsoft.Json, Version=8.0.0.0, Culture=neutral, PublicKeyToken=null'.Symbol file LoadedFromMemory is not a mono symbol file
Symbol file LoadedFromMemory is not a mono symbol file
Symbol file LoadedFromMemory is not a mono symbol file
- Loaded All Assemblies, in  0.384 seconds
Native extension for WindowsStandalone target not found
[Package Manager] Server::EnsureServerProcessIsRunning -- launch failed, reason: Unity was launched with the -noUpm command-line argument
[Package Manager] UpmClient::Send -- Unable to send message (not connected to UPM process).
[Package Manager] Cannot connect to Unity Package Manager local server
Mono: successfully reloaded assembly
- Finished resetting the current domain, in  0.761 seconds
Domain Reload Profiling: 1143ms
	BeginReloadAssembly (131ms)
		ExecutionOrderSort (0ms)
		DisableScriptedObjects (5ms)
		BackupInstance (0ms)
		ReleaseScriptingObjects (0ms)
		CreateAndSetChildDomain (36ms)
	RebuildCommonClasses (26ms)
	RebuildNativeTypeToScriptingClass (10ms)
	initialDomainReloadingComplete (22ms)
	LoadAllAssembliesAndSetupDomain (192ms)
		LoadAssemblies (247ms)
		RebuildTransferFunctionScriptingTraits (0ms)
		AnalyzeDomain (8ms)
			TypeCache.Refresh (4ms)
				TypeCache.ScanAssembly (0ms)
			ScanForSourceGeneratedMonoScriptInfo (0ms)
			ResolveRequiredComponents (3ms)
	FinalizeReload (762ms)
		ReleaseScriptCaches (0ms)
		RebuildScriptCaches (0ms)
		SetupLoadedEditorAssemblies (471ms)
			LogAssemblyErrors (0ms)
			InitializePlatformSupportModulesInManaged (5ms)
			SetLoadedEditorAssemblies (4ms)
			RefreshPlugins (0ms)
			BeforeProcessingInitializeOnLoad (56ms)
			ProcessInitializeOnLoadAttributes (281ms)
			ProcessInitializeOnLoadMethodAttributes (120ms)
			AfterProcessingInitializeOnLoad (4ms)
			EditorAssembliesLoaded (0ms)
		ExecutionOrderSort2 (0ms)
		AwakeInstancesAfterBackupRestoration (7ms)
Refreshing native plugins compatible for Editor in 8.43 ms, found 2 plugins.
Preloading 0 native plugins for Editor in 0.00 ms.
Unloading 2567 Unused Serialized files (Serialized files now loaded: 0)
Unloading 16 unused Assets / (28.8 KB). Loaded Objects now: 3256.
Memory consumption went from 130.2 MB to 130.2 MB.
Total: 6.552100 ms (FindLiveObjects: 0.363500 ms CreateObjectMapping: 0.113800 ms MarkObjects: 6.024600 ms  DeleteObjects: 0.049400 ms)

Prepare: number of updated asset objects reloaded= 0
AssetImportParameters requested are different than current active one (requested -> active):
  custom:video-decoder-webm-vp8: 9c59270c3fd7afecdb556c50c9e8de78 -> 
  custom:SearchIndexIgnoredProperties: e643bd26f0fe6173181afceb89e7c659 -> 
  custom:container-demuxer-ogg: 62fdf1f143b41e24485cea50d1cbac27 -> 
  custom:AudioImporter_EditorPlatform: d09bf68614088b80899f8185d706f6e7 -> 
  custom:video-codec-MediaFoundation-h265: 746d11721c4dcdbdad8f713fa42b33f4 -> 
  custom:scripting/monoscript/fileName/NpcManager.cs: 9f4326f993fd7d51a4d1a73853d4ba31 -> 
  custom:video-decoder-ogg-theora: a1e56fd34408186e4bbccfd4996cb3dc -> 
  custom:scripting/monoscript/fileName/UIWindow.cs: 7db82bcecb4b958f30aed5044bc64212 -> 0e7898ffba56fd4251696ffffdb4e820
  custom:framework-win-MediaFoundation: 216162199b28c13a410421893ffa2e32 -> 
  custom:scripting/monoscript/fileName/UIMiniMap.cs: aa15a4a572f78937c1fa26384619a3de -> 
  custom:video-encoder-webm-vp8: eb34c28f22e8b96e1ab97ce403110664 -> 
  custom:audio-decoder-ogg-vorbis: bf7c407c2cedff20999df2af8eb42d56 -> 
  custom:CustomObjectIndexerAttribute: 9a22284fe3817be447336de3de66b15e -> 
  custom:container-demuxer-webm: 4f35f7cbe854078d1ac9338744f61a02 -> 
  custom:scripting/monoscript/fileName/TestManager.cs: e35120e74bab4bced52d717ecbc68775 -> 
  custom:audio-encoder-webm-vorbis: bf7c407c2cedff20999df2af8eb42d56 -> 
  custom:container-muxer-webm: aa71ff27fc2769a1b78a27578f13a17b -> 
  custom:scripting/monoscript/fileName/GameObjectManager.cs: 9d28bc19d4b44a5e0f0e05ca4ef15caa -> 5b6bf09c65110f6e9277a06c37dc6b07
========================================================================
Received Prepare
Caller must complete domain reload
Begin MonoManager ReloadAssembly
Duplicate assembly 'log4net.dll' with different versions detected, using 'Assets/References/log4net.dll, AssemblyName=log4net, Version=2.0.8.0, Culture=neutral, PublicKeyToken=null' and ignoring 'Packages/com.unity.collab-proxy/Lib/Editor/PlasticSCM/log4netPlastic.dll, AssemblyName=log4net, Version=1.2.15.0, Culture=neutral, PublicKeyToken=669e0ddf0bb1aa2a'.Duplicate assembly 'Newtonsoft.Json.dll' with different versions detected, using 'Packages/com.unity.nuget.newtonsoft-json/Runtime/Newtonsoft.Json.dll, AssemblyName=Newtonsoft.Json, Version=13.0.0.0, Culture=neutral, PublicKeyToken=30ad4fe6b2a6aeed' and ignoring 'Assets/JsonDotNet/Assemblies/Standalone/Newtonsoft.Json.dll, AssemblyName=Newtonsoft.Json, Version=8.0.0.0, Culture=neutral, PublicKeyToken=null'.Symbol file LoadedFromMemory is not a mono symbol file
Symbol file LoadedFromMemory is not a mono symbol file
Symbol file LoadedFromMemory is not a mono symbol file
- Loaded All Assemblies, in  0.320 seconds
Native extension for WindowsStandalone target not found
[Package Manager] Server::EnsureServerProcessIsRunning -- launch failed, reason: Unity was launched with the -noUpm command-line argument
[Package Manager] UpmClient::Send -- Unable to send message (not connected to UPM process).
[Package Manager] Cannot connect to Unity Package Manager local server
Mono: successfully reloaded assembly
- Finished resetting the current domain, in  0.692 seconds
Domain Reload Profiling: 1010ms
	BeginReloadAssembly (111ms)
		ExecutionOrderSort (0ms)
		DisableScriptedObjects (3ms)
		BackupInstance (0ms)
		ReleaseScriptingObjects (0ms)
		CreateAndSetChildDomain (29ms)
	RebuildCommonClasses (21ms)
	RebuildNativeTypeToScriptingClass (6ms)
	initialDomainReloadingComplete (19ms)
	LoadAllAssembliesAndSetupDomain (160ms)
		LoadAssemblies (207ms)
		RebuildTransferFunctionScriptingTraits (0ms)
		AnalyzeDomain (7ms)
			TypeCache.Refresh (3ms)
				TypeCache.ScanAssembly (0ms)
			ScanForSourceGeneratedMonoScriptInfo (0ms)
			ResolveRequiredComponents (2ms)
	FinalizeReload (692ms)
		ReleaseScriptCaches (0ms)
		RebuildScriptCaches (0ms)
		SetupLoadedEditorAssemblies (431ms)
			LogAssemblyErrors (0ms)
			InitializePlatformSupportModulesInManaged (4ms)
			SetLoadedEditorAssemblies (3ms)
			RefreshPlugins (0ms)
			BeforeProcessingInitializeOnLoad (56ms)
			ProcessInitializeOnLoadAttributes (263ms)
			ProcessInitializeOnLoadMethodAttributes (100ms)
			AfterProcessingInitializeOnLoad (4ms)
			EditorAssembliesLoaded (0ms)
		ExecutionOrderSort2 (0ms)
		AwakeInstancesAfterBackupRestoration (6ms)
Refreshing native plugins compatible for Editor in 7.68 ms, found 2 plugins.
Preloading 0 native plugins for Editor in 0.00 ms.
Unloading 2567 Unused Serialized files (Serialized files now loaded: 0)
Unloading 16 unused Assets / (28.7 KB). Loaded Objects now: 3259.
Memory consumption went from 130.2 MB to 130.2 MB.
Total: 5.816700 ms (FindLiveObjects: 0.230200 ms CreateObjectMapping: 0.066800 ms MarkObjects: 5.483800 ms  DeleteObjects: 0.035100 ms)

Prepare: number of updated asset objects reloaded= 0
AssetImportParameters requested are different than current active one (requested -> active):
  custom:video-decoder-webm-vp8: 9c59270c3fd7afecdb556c50c9e8de78 -> 
  custom:SearchIndexIgnoredProperties: e643bd26f0fe6173181afceb89e7c659 -> 
  custom:container-demuxer-ogg: 62fdf1f143b41e24485cea50d1cbac27 -> 
  custom:AudioImporter_EditorPlatform: d09bf68614088b80899f8185d706f6e7 -> 
  custom:video-codec-MediaFoundation-h265: 746d11721c4dcdbdad8f713fa42b33f4 -> 
  custom:scripting/monoscript/fileName/NpcManager.cs: 9f4326f993fd7d51a4d1a73853d4ba31 -> 
  custom:video-decoder-ogg-theora: a1e56fd34408186e4bbccfd4996cb3dc -> 
  custom:scripting/monoscript/fileName/UIWindow.cs: 7db82bcecb4b958f30aed5044bc64212 -> 0e7898ffba56fd4251696ffffdb4e820
  custom:framework-win-MediaFoundation: 216162199b28c13a410421893ffa2e32 -> 
  custom:scripting/monoscript/fileName/UIMiniMap.cs: aa15a4a572f78937c1fa26384619a3de -> 
  custom:video-encoder-webm-vp8: eb34c28f22e8b96e1ab97ce403110664 -> 
  custom:audio-decoder-ogg-vorbis: bf7c407c2cedff20999df2af8eb42d56 -> 
  custom:CustomObjectIndexerAttribute: 9a22284fe3817be447336de3de66b15e -> 
  custom:container-demuxer-webm: 4f35f7cbe854078d1ac9338744f61a02 -> 
  custom:scripting/monoscript/fileName/TestManager.cs: e35120e74bab4bced52d717ecbc68775 -> 
  custom:audio-encoder-webm-vorbis: bf7c407c2cedff20999df2af8eb42d56 -> 
  custom:container-muxer-webm: aa71ff27fc2769a1b78a27578f13a17b -> 
  custom:scripting/monoscript/fileName/GameObjectManager.cs: 9d28bc19d4b44a5e0f0e05ca4ef15caa -> 5b6bf09c65110f6e9277a06c37dc6b07
========================================================================
Received Prepare
Caller must complete domain reload
Begin MonoManager ReloadAssembly
Duplicate assembly 'log4net.dll' with different versions detected, using 'Assets/References/log4net.dll, AssemblyName=log4net, Version=2.0.8.0, Culture=neutral, PublicKeyToken=null' and ignoring 'Packages/com.unity.collab-proxy/Lib/Editor/PlasticSCM/log4netPlastic.dll, AssemblyName=log4net, Version=1.2.15.0, Culture=neutral, PublicKeyToken=669e0ddf0bb1aa2a'.Duplicate assembly 'Newtonsoft.Json.dll' with different versions detected, using 'Packages/com.unity.nuget.newtonsoft-json/Runtime/Newtonsoft.Json.dll, AssemblyName=Newtonsoft.Json, Version=13.0.0.0, Culture=neutral, PublicKeyToken=30ad4fe6b2a6aeed' and ignoring 'Assets/JsonDotNet/Assemblies/Standalone/Newtonsoft.Json.dll, AssemblyName=Newtonsoft.Json, Version=8.0.0.0, Culture=neutral, PublicKeyToken=null'.Symbol file LoadedFromMemory is not a mono symbol file
Symbol file LoadedFromMemory is not a mono symbol file
Symbol file LoadedFromMemory is not a mono symbol file
- Loaded All Assemblies, in  0.424 seconds
Native extension for WindowsStandalone target not found
[Package Manager] Server::EnsureServerProcessIsRunning -- launch failed, reason: Unity was launched with the -noUpm command-line argument
[Package Manager] UpmClient::Send -- Unable to send message (not connected to UPM process).
[Package Manager] Cannot connect to Unity Package Manager local server
Mono: successfully reloaded assembly
- Finished resetting the current domain, in  0.770 seconds
Domain Reload Profiling: 1191ms
	BeginReloadAssembly (154ms)
		ExecutionOrderSort (0ms)
		DisableScriptedObjects (4ms)
		BackupInstance (0ms)
		ReleaseScriptingObjects (0ms)
		CreateAndSetChildDomain (40ms)
	RebuildCommonClasses (28ms)
	RebuildNativeTypeToScriptingClass (11ms)
	initialDomainReloadingComplete (23ms)
	LoadAllAssembliesAndSetupDomain (205ms)
		LoadAssemblies (269ms)
		RebuildTransferFunctionScriptingTraits (0ms)
		AnalyzeDomain (17ms)
			TypeCache.Refresh (8ms)
				TypeCache.ScanAssembly (2ms)
			ScanForSourceGeneratedMonoScriptInfo (5ms)
			ResolveRequiredComponents (2ms)
	FinalizeReload (771ms)
		ReleaseScriptCaches (0ms)
		RebuildScriptCaches (0ms)
		SetupLoadedEditorAssemblies (497ms)
			LogAssemblyErrors (0ms)
			InitializePlatformSupportModulesInManaged (5ms)
			SetLoadedEditorAssemblies (4ms)
			RefreshPlugins (0ms)
			BeforeProcessingInitializeOnLoad (66ms)
			ProcessInitializeOnLoadAttributes (293ms)
			ProcessInitializeOnLoadMethodAttributes (124ms)
			AfterProcessingInitializeOnLoad (4ms)
			EditorAssembliesLoaded (0ms)
		ExecutionOrderSort2 (0ms)
		AwakeInstancesAfterBackupRestoration (7ms)
Refreshing native plugins compatible for Editor in 7.33 ms, found 2 plugins.
Preloading 0 native plugins for Editor in 0.00 ms.
Unloading 2567 Unused Serialized files (Serialized files now loaded: 0)
Unloading 16 unused Assets / (28.8 KB). Loaded Objects now: 3262.
Memory consumption went from 130.2 MB to 130.2 MB.
Total: 5.826200 ms (FindLiveObjects: 0.368000 ms CreateObjectMapping: 0.164300 ms MarkObjects: 5.254400 ms  DeleteObjects: 0.038100 ms)

Prepare: number of updated asset objects reloaded= 0
AssetImportParameters requested are different than current active one (requested -> active):
  custom:video-decoder-webm-vp8: 9c59270c3fd7afecdb556c50c9e8de78 -> 
  custom:SearchIndexIgnoredProperties: e643bd26f0fe6173181afceb89e7c659 -> 
  custom:container-demuxer-ogg: 62fdf1f143b41e24485cea50d1cbac27 -> 
  custom:AudioImporter_EditorPlatform: d09bf68614088b80899f8185d706f6e7 -> 
  custom:video-codec-MediaFoundation-h265: 746d11721c4dcdbdad8f713fa42b33f4 -> 
  custom:scripting/monoscript/fileName/NpcManager.cs: 9f4326f993fd7d51a4d1a73853d4ba31 -> 
  custom:video-decoder-ogg-theora: a1e56fd34408186e4bbccfd4996cb3dc -> 
  custom:scripting/monoscript/fileName/UIWindow.cs: 7db82bcecb4b958f30aed5044bc64212 -> 0e7898ffba56fd4251696ffffdb4e820
  custom:framework-win-MediaFoundation: 216162199b28c13a410421893ffa2e32 -> 
  custom:scripting/monoscript/fileName/UIMiniMap.cs: aa15a4a572f78937c1fa26384619a3de -> 
  custom:video-encoder-webm-vp8: eb34c28f22e8b96e1ab97ce403110664 -> 
  custom:audio-decoder-ogg-vorbis: bf7c407c2cedff20999df2af8eb42d56 -> 
  custom:CustomObjectIndexerAttribute: 9a22284fe3817be447336de3de66b15e -> 
  custom:container-demuxer-webm: 4f35f7cbe854078d1ac9338744f61a02 -> 
  custom:scripting/monoscript/fileName/TestManager.cs: e35120e74bab4bced52d717ecbc68775 -> 
  custom:audio-encoder-webm-vorbis: bf7c407c2cedff20999df2af8eb42d56 -> 
  custom:container-muxer-webm: aa71ff27fc2769a1b78a27578f13a17b -> 
  custom:scripting/monoscript/fileName/GameObjectManager.cs: 9d28bc19d4b44a5e0f0e05ca4ef15caa -> 5b6bf09c65110f6e9277a06c37dc6b07
========================================================================
Received Prepare
Caller must complete domain reload
Begin MonoManager ReloadAssembly
Duplicate assembly 'log4net.dll' with different versions detected, using 'Assets/References/log4net.dll, AssemblyName=log4net, Version=2.0.8.0, Culture=neutral, PublicKeyToken=null' and ignoring 'Packages/com.unity.collab-proxy/Lib/Editor/PlasticSCM/log4netPlastic.dll, AssemblyName=log4net, Version=1.2.15.0, Culture=neutral, PublicKeyToken=669e0ddf0bb1aa2a'.Duplicate assembly 'Newtonsoft.Json.dll' with different versions detected, using 'Packages/com.unity.nuget.newtonsoft-json/Runtime/Newtonsoft.Json.dll, AssemblyName=Newtonsoft.Json, Version=13.0.0.0, Culture=neutral, PublicKeyToken=30ad4fe6b2a6aeed' and ignoring 'Assets/JsonDotNet/Assemblies/Standalone/Newtonsoft.Json.dll, AssemblyName=Newtonsoft.Json, Version=8.0.0.0, Culture=neutral, PublicKeyToken=null'.Symbol file LoadedFromMemory is not a mono symbol file
Symbol file LoadedFromMemory is not a mono symbol file
Symbol file LoadedFromMemory is not a mono symbol file
- Loaded All Assemblies, in  0.383 seconds
Native extension for WindowsStandalone target not found
[Package Manager] Server::EnsureServerProcessIsRunning -- launch failed, reason: Unity was launched with the -noUpm command-line argument
[Package Manager] UpmClient::Send -- Unable to send message (not connected to UPM process).
[Package Manager] Cannot connect to Unity Package Manager local server
Mono: successfully reloaded assembly
- Finished resetting the current domain, in  0.830 seconds
Domain Reload Profiling: 1211ms
	BeginReloadAssembly (124ms)
		ExecutionOrderSort (0ms)
		DisableScriptedObjects (4ms)
		BackupInstance (0ms)
		ReleaseScriptingObjects (0ms)
		CreateAndSetChildDomain (34ms)
	RebuildCommonClasses (23ms)
	RebuildNativeTypeToScriptingClass (6ms)
	initialDomainReloadingComplete (20ms)
	LoadAllAssembliesAndSetupDomain (207ms)
		LoadAssemblies (245ms)
		RebuildTransferFunctionScriptingTraits (0ms)
		AnalyzeDomain (20ms)
			TypeCache.Refresh (10ms)
				TypeCache.ScanAssembly (3ms)
			ScanForSourceGeneratedMonoScriptInfo (6ms)
			ResolveRequiredComponents (3ms)
	FinalizeReload (830ms)
		ReleaseScriptCaches (0ms)
		RebuildScriptCaches (0ms)
		SetupLoadedEditorAssemblies (502ms)
			LogAssemblyErrors (0ms)
			InitializePlatformSupportModulesInManaged (5ms)
			SetLoadedEditorAssemblies (3ms)
			RefreshPlugins (0ms)
			BeforeProcessingInitializeOnLoad (62ms)
			ProcessInitializeOnLoadAttributes (299ms)
			ProcessInitializeOnLoadMethodAttributes (127ms)
			AfterProcessingInitializeOnLoad (6ms)
			EditorAssembliesLoaded (0ms)
		ExecutionOrderSort2 (0ms)
		AwakeInstancesAfterBackupRestoration (7ms)
Refreshing native plugins compatible for Editor in 10.39 ms, found 2 plugins.
Preloading 0 native plugins for Editor in 0.00 ms.
Unloading 2567 Unused Serialized files (Serialized files now loaded: 0)
Unloading 16 unused Assets / (28.8 KB). Loaded Objects now: 3265.
Memory consumption went from 130.2 MB to 130.2 MB.
Total: 5.428100 ms (FindLiveObjects: 0.352400 ms CreateObjectMapping: 0.108400 ms MarkObjects: 4.920700 ms  DeleteObjects: 0.045800 ms)

Prepare: number of updated asset objects reloaded= 0
AssetImportParameters requested are different than current active one (requested -> active):
  custom:video-decoder-webm-vp8: 9c59270c3fd7afecdb556c50c9e8de78 -> 
  custom:SearchIndexIgnoredProperties: e643bd26f0fe6173181afceb89e7c659 -> 
  custom:container-demuxer-ogg: 62fdf1f143b41e24485cea50d1cbac27 -> 
  custom:AudioImporter_EditorPlatform: d09bf68614088b80899f8185d706f6e7 -> 
  custom:video-codec-MediaFoundation-h265: 746d11721c4dcdbdad8f713fa42b33f4 -> 
  custom:scripting/monoscript/fileName/NpcManager.cs: 9f4326f993fd7d51a4d1a73853d4ba31 -> 
  custom:video-decoder-ogg-theora: a1e56fd34408186e4bbccfd4996cb3dc -> 
  custom:scripting/monoscript/fileName/UIWindow.cs: 7db82bcecb4b958f30aed5044bc64212 -> 0e7898ffba56fd4251696ffffdb4e820
  custom:framework-win-MediaFoundation: 216162199b28c13a410421893ffa2e32 -> 
  custom:scripting/monoscript/fileName/UIMiniMap.cs: aa15a4a572f78937c1fa26384619a3de -> 
  custom:video-encoder-webm-vp8: eb34c28f22e8b96e1ab97ce403110664 -> 
  custom:audio-decoder-ogg-vorbis: bf7c407c2cedff20999df2af8eb42d56 -> 
  custom:CustomObjectIndexerAttribute: 9a22284fe3817be447336de3de66b15e -> 
  custom:container-demuxer-webm: 4f35f7cbe854078d1ac9338744f61a02 -> 
  custom:scripting/monoscript/fileName/TestManager.cs: e35120e74bab4bced52d717ecbc68775 -> 
  custom:audio-encoder-webm-vorbis: bf7c407c2cedff20999df2af8eb42d56 -> 
  custom:container-muxer-webm: aa71ff27fc2769a1b78a27578f13a17b -> 
  custom:scripting/monoscript/fileName/GameObjectManager.cs: 9d28bc19d4b44a5e0f0e05ca4ef15caa -> 5b6bf09c65110f6e9277a06c37dc6b07
========================================================================
Received Prepare
Caller must complete domain reload
Begin MonoManager ReloadAssembly
Duplicate assembly 'log4net.dll' with different versions detected, using 'Assets/References/log4net.dll, AssemblyName=log4net, Version=2.0.8.0, Culture=neutral, PublicKeyToken=null' and ignoring 'Packages/com.unity.collab-proxy/Lib/Editor/PlasticSCM/log4netPlastic.dll, AssemblyName=log4net, Version=1.2.15.0, Culture=neutral, PublicKeyToken=669e0ddf0bb1aa2a'.Duplicate assembly 'Newtonsoft.Json.dll' with different versions detected, using 'Packages/com.unity.nuget.newtonsoft-json/Runtime/Newtonsoft.Json.dll, AssemblyName=Newtonsoft.Json, Version=13.0.0.0, Culture=neutral, PublicKeyToken=30ad4fe6b2a6aeed' and ignoring 'Assets/JsonDotNet/Assemblies/Standalone/Newtonsoft.Json.dll, AssemblyName=Newtonsoft.Json, Version=8.0.0.0, Culture=neutral, PublicKeyToken=null'.Symbol file LoadedFromMemory is not a mono symbol file
Symbol file LoadedFromMemory is not a mono symbol file
Symbol file LoadedFromMemory is not a mono symbol file
- Loaded All Assemblies, in  0.418 seconds
Native extension for WindowsStandalone target not found
[Package Manager] Server::EnsureServerProcessIsRunning -- launch failed, reason: Unity was launched with the -noUpm command-line argument
[Package Manager] UpmClient::Send -- Unable to send message (not connected to UPM process).
[Package Manager] Cannot connect to Unity Package Manager local server
Mono: successfully reloaded assembly
- Finished resetting the current domain, in  0.842 seconds
Domain Reload Profiling: 1255ms
	BeginReloadAssembly (134ms)
		ExecutionOrderSort (0ms)
		DisableScriptedObjects (4ms)
		BackupInstance (0ms)
		ReleaseScriptingObjects (0ms)
		CreateAndSetChildDomain (37ms)
	RebuildCommonClasses (25ms)
	RebuildNativeTypeToScriptingClass (7ms)
	initialDomainReloadingComplete (26ms)
	LoadAllAssembliesAndSetupDomain (221ms)
		LoadAssemblies (265ms)
		RebuildTransferFunctionScriptingTraits (0ms)
		AnalyzeDomain (21ms)
			TypeCache.Refresh (11ms)
				TypeCache.ScanAssembly (3ms)
			ScanForSourceGeneratedMonoScriptInfo (6ms)
			ResolveRequiredComponents (2ms)
	FinalizeReload (842ms)
		ReleaseScriptCaches (0ms)
		RebuildScriptCaches (0ms)
		SetupLoadedEditorAssemblies (532ms)
			LogAssemblyErrors (0ms)
			InitializePlatformSupportModulesInManaged (6ms)
			SetLoadedEditorAssemblies (4ms)
			RefreshPlugins (0ms)
			BeforeProcessingInitializeOnLoad (81ms)
			ProcessInitializeOnLoadAttributes (307ms)
			ProcessInitializeOnLoadMethodAttributes (128ms)
			AfterProcessingInitializeOnLoad (6ms)
			EditorAssembliesLoaded (0ms)
		ExecutionOrderSort2 (0ms)
		AwakeInstancesAfterBackupRestoration (7ms)
Refreshing native plugins compatible for Editor in 7.46 ms, found 2 plugins.
Preloading 0 native plugins for Editor in 0.00 ms.
Unloading 2567 Unused Serialized files (Serialized files now loaded: 0)
Unloading 16 unused Assets / (28.6 KB). Loaded Objects now: 3268.
Memory consumption went from 130.2 MB to 130.2 MB.
Total: 7.283100 ms (FindLiveObjects: 0.303500 ms CreateObjectMapping: 0.117600 ms MarkObjects: 6.817200 ms  DeleteObjects: 0.044000 ms)

Prepare: number of updated asset objects reloaded= 0
AssetImportParameters requested are different than current active one (requested -> active):
  custom:video-decoder-webm-vp8: 9c59270c3fd7afecdb556c50c9e8de78 -> 
  custom:SearchIndexIgnoredProperties: e643bd26f0fe6173181afceb89e7c659 -> 
  custom:container-demuxer-ogg: 62fdf1f143b41e24485cea50d1cbac27 -> 
  custom:AudioImporter_EditorPlatform: d09bf68614088b80899f8185d706f6e7 -> 
  custom:video-codec-MediaFoundation-h265: 746d11721c4dcdbdad8f713fa42b33f4 -> 
  custom:scripting/monoscript/fileName/NpcManager.cs: 9f4326f993fd7d51a4d1a73853d4ba31 -> 
  custom:video-decoder-ogg-theora: a1e56fd34408186e4bbccfd4996cb3dc -> 
  custom:scripting/monoscript/fileName/UIWindow.cs: 7db82bcecb4b958f30aed5044bc64212 -> 0e7898ffba56fd4251696ffffdb4e820
  custom:framework-win-MediaFoundation: 216162199b28c13a410421893ffa2e32 -> 
  custom:scripting/monoscript/fileName/UIMiniMap.cs: aa15a4a572f78937c1fa26384619a3de -> 
  custom:video-encoder-webm-vp8: eb34c28f22e8b96e1ab97ce403110664 -> 
  custom:audio-decoder-ogg-vorbis: bf7c407c2cedff20999df2af8eb42d56 -> 
  custom:CustomObjectIndexerAttribute: 9a22284fe3817be447336de3de66b15e -> 
  custom:container-demuxer-webm: 4f35f7cbe854078d1ac9338744f61a02 -> 
  custom:scripting/monoscript/fileName/TestManager.cs: e35120e74bab4bced52d717ecbc68775 -> 
  custom:audio-encoder-webm-vorbis: bf7c407c2cedff20999df2af8eb42d56 -> 
  custom:container-muxer-webm: aa71ff27fc2769a1b78a27578f13a17b -> 
  custom:scripting/monoscript/fileName/GameObjectManager.cs: 9d28bc19d4b44a5e0f0e05ca4ef15caa -> 5b6bf09c65110f6e9277a06c37dc6b07
========================================================================
Received Prepare
Caller must complete domain reload
Begin MonoManager ReloadAssembly
Duplicate assembly 'log4net.dll' with different versions detected, using 'Assets/References/log4net.dll, AssemblyName=log4net, Version=2.0.8.0, Culture=neutral, PublicKeyToken=null' and ignoring 'Packages/com.unity.collab-proxy/Lib/Editor/PlasticSCM/log4netPlastic.dll, AssemblyName=log4net, Version=1.2.15.0, Culture=neutral, PublicKeyToken=669e0ddf0bb1aa2a'.Duplicate assembly 'Newtonsoft.Json.dll' with different versions detected, using 'Packages/com.unity.nuget.newtonsoft-json/Runtime/Newtonsoft.Json.dll, AssemblyName=Newtonsoft.Json, Version=13.0.0.0, Culture=neutral, PublicKeyToken=30ad4fe6b2a6aeed' and ignoring 'Assets/JsonDotNet/Assemblies/Standalone/Newtonsoft.Json.dll, AssemblyName=Newtonsoft.Json, Version=8.0.0.0, Culture=neutral, PublicKeyToken=null'.Symbol file LoadedFromMemory is not a mono symbol file
Symbol file LoadedFromMemory is not a mono symbol file
Symbol file LoadedFromMemory is not a mono symbol file
- Loaded All Assemblies, in  0.383 seconds
Native extension for WindowsStandalone target not found
[Package Manager] Server::EnsureServerProcessIsRunning -- launch failed, reason: Unity was launched with the -noUpm command-line argument
[Package Manager] UpmClient::Send -- Unable to send message (not connected to UPM process).
[Package Manager] Cannot connect to Unity Package Manager local server
Mono: successfully reloaded assembly
- Finished resetting the current domain, in  0.761 seconds
Domain Reload Profiling: 1142ms
	BeginReloadAssembly (116ms)
		ExecutionOrderSort (0ms)
		DisableScriptedObjects (5ms)
		BackupInstance (0ms)
		ReleaseScriptingObjects (0ms)
		CreateAndSetChildDomain (32ms)
	RebuildCommonClasses (25ms)
	RebuildNativeTypeToScriptingClass (7ms)
	initialDomainReloadingComplete (22ms)
	LoadAllAssembliesAndSetupDomain (211ms)
		LoadAssemblies (248ms)
		RebuildTransferFunctionScriptingTraits (0ms)
		AnalyzeDomain (19ms)
			TypeCache.Refresh (9ms)
				TypeCache.ScanAssembly (3ms)
			ScanForSourceGeneratedMonoScriptInfo (5ms)
			ResolveRequiredComponents (2ms)
	FinalizeReload (761ms)
		ReleaseScriptCaches (0ms)
		RebuildScriptCaches (0ms)
		SetupLoadedEditorAssemblies (490ms)
			LogAssemblyErrors (0ms)
			InitializePlatformSupportModulesInManaged (5ms)
			SetLoadedEditorAssemblies (3ms)
			RefreshPlugins (0ms)
			BeforeProcessingInitializeOnLoad (63ms)
			ProcessInitializeOnLoadAttributes (300ms)
			ProcessInitializeOnLoadMethodAttributes (114ms)
			AfterProcessingInitializeOnLoad (5ms)
			EditorAssembliesLoaded (0ms)
		ExecutionOrderSort2 (0ms)
		AwakeInstancesAfterBackupRestoration (6ms)
Refreshing native plugins compatible for Editor in 8.41 ms, found 2 plugins.
Preloading 0 native plugins for Editor in 0.00 ms.
Unloading 2567 Unused Serialized files (Serialized files now loaded: 0)
Unloading 16 unused Assets / (28.7 KB). Loaded Objects now: 3271.
Memory consumption went from 130.2 MB to 130.2 MB.
Total: 7.102000 ms (FindLiveObjects: 0.233700 ms CreateObjectMapping: 0.054500 ms MarkObjects: 6.768300 ms  DeleteObjects: 0.044600 ms)

Prepare: number of updated asset objects reloaded= 0
AssetImportParameters requested are different than current active one (requested -> active):
  custom:video-decoder-webm-vp8: 9c59270c3fd7afecdb556c50c9e8de78 -> 
  custom:SearchIndexIgnoredProperties: e643bd26f0fe6173181afceb89e7c659 -> 
  custom:container-demuxer-ogg: 62fdf1f143b41e24485cea50d1cbac27 -> 
  custom:AudioImporter_EditorPlatform: d09bf68614088b80899f8185d706f6e7 -> 
  custom:video-codec-MediaFoundation-h265: 746d11721c4dcdbdad8f713fa42b33f4 -> 
  custom:scripting/monoscript/fileName/NpcManager.cs: 9f4326f993fd7d51a4d1a73853d4ba31 -> 
  custom:video-decoder-ogg-theora: a1e56fd34408186e4bbccfd4996cb3dc -> 
  custom:scripting/monoscript/fileName/UIWindow.cs: 7db82bcecb4b958f30aed5044bc64212 -> 0e7898ffba56fd4251696ffffdb4e820
  custom:framework-win-MediaFoundation: 216162199b28c13a410421893ffa2e32 -> 
  custom:scripting/monoscript/fileName/UIMiniMap.cs: aa15a4a572f78937c1fa26384619a3de -> 
  custom:video-encoder-webm-vp8: eb34c28f22e8b96e1ab97ce403110664 -> 
  custom:audio-decoder-ogg-vorbis: bf7c407c2cedff20999df2af8eb42d56 -> 
  custom:CustomObjectIndexerAttribute: 9a22284fe3817be447336de3de66b15e -> 
  custom:container-demuxer-webm: 4f35f7cbe854078d1ac9338744f61a02 -> 
  custom:scripting/monoscript/fileName/TestManager.cs: e35120e74bab4bced52d717ecbc68775 -> 
  custom:audio-encoder-webm-vorbis: bf7c407c2cedff20999df2af8eb42d56 -> 
  custom:container-muxer-webm: aa71ff27fc2769a1b78a27578f13a17b -> 
  custom:scripting/monoscript/fileName/GameObjectManager.cs: 9d28bc19d4b44a5e0f0e05ca4ef15caa -> 5b6bf09c65110f6e9277a06c37dc6b07
========================================================================
Received Prepare
Caller must complete domain reload
Begin MonoManager ReloadAssembly
Duplicate assembly 'log4net.dll' with different versions detected, using 'Assets/References/log4net.dll, AssemblyName=log4net, Version=2.0.8.0, Culture=neutral, PublicKeyToken=null' and ignoring 'Packages/com.unity.collab-proxy/Lib/Editor/PlasticSCM/log4netPlastic.dll, AssemblyName=log4net, Version=1.2.15.0, Culture=neutral, PublicKeyToken=669e0ddf0bb1aa2a'.Duplicate assembly 'Newtonsoft.Json.dll' with different versions detected, using 'Packages/com.unity.nuget.newtonsoft-json/Runtime/Newtonsoft.Json.dll, AssemblyName=Newtonsoft.Json, Version=13.0.0.0, Culture=neutral, PublicKeyToken=30ad4fe6b2a6aeed' and ignoring 'Assets/JsonDotNet/Assemblies/Standalone/Newtonsoft.Json.dll, AssemblyName=Newtonsoft.Json, Version=8.0.0.0, Culture=neutral, PublicKeyToken=null'.Symbol file LoadedFromMemory is not a mono symbol file
Symbol file LoadedFromMemory is not a mono symbol file
Symbol file LoadedFromMemory is not a mono symbol file
- Loaded All Assemblies, in  0.400 seconds
Native extension for WindowsStandalone target not found
[Package Manager] Server::EnsureServerProcessIsRunning -- launch failed, reason: Unity was launched with the -noUpm command-line argument
[Package Manager] UpmClient::Send -- Unable to send message (not connected to UPM process).
[Package Manager] Cannot connect to Unity Package Manager local server
Mono: successfully reloaded assembly
- Finished resetting the current domain, in  0.762 seconds
Domain Reload Profiling: 1160ms
	BeginReloadAssembly (128ms)
		ExecutionOrderSort (0ms)
		DisableScriptedObjects (5ms)
		BackupInstance (0ms)
		ReleaseScriptingObjects (0ms)
		CreateAndSetChildDomain (35ms)
	RebuildCommonClasses (23ms)
	RebuildNativeTypeToScriptingClass (9ms)
	initialDomainReloadingComplete (25ms)
	LoadAllAssembliesAndSetupDomain (213ms)
		LoadAssemblies (257ms)
		RebuildTransferFunctionScriptingTraits (0ms)
		AnalyzeDomain (17ms)
			TypeCache.Refresh (10ms)
				TypeCache.ScanAssembly (3ms)
			ScanForSourceGeneratedMonoScriptInfo (4ms)
			ResolveRequiredComponents (3ms)
	FinalizeReload (762ms)
		ReleaseScriptCaches (0ms)
		RebuildScriptCaches (0ms)
		SetupLoadedEditorAssemblies (495ms)
			LogAssemblyErrors (0ms)
			InitializePlatformSupportModulesInManaged (4ms)
			SetLoadedEditorAssemblies (3ms)
			RefreshPlugins (0ms)
			BeforeProcessingInitializeOnLoad (72ms)
			ProcessInitializeOnLoadAttributes (290ms)
			ProcessInitializeOnLoadMethodAttributes (121ms)
			AfterProcessingInitializeOnLoad (5ms)
			EditorAssembliesLoaded (0ms)
		ExecutionOrderSort2 (0ms)
		AwakeInstancesAfterBackupRestoration (6ms)
Refreshing native plugins compatible for Editor in 7.77 ms, found 2 plugins.
Preloading 0 native plugins for Editor in 0.00 ms.
Unloading 2567 Unused Serialized files (Serialized files now loaded: 0)
Unloading 16 unused Assets / (28.7 KB). Loaded Objects now: 3274.
Memory consumption went from 130.2 MB to 130.2 MB.
Total: 6.551100 ms (FindLiveObjects: 0.346900 ms CreateObjectMapping: 0.102100 ms MarkObjects: 6.066800 ms  DeleteObjects: 0.034000 ms)

Prepare: number of updated asset objects reloaded= 0
AssetImportParameters requested are different than current active one (requested -> active):
  custom:video-decoder-webm-vp8: 9c59270c3fd7afecdb556c50c9e8de78 -> 
  custom:SearchIndexIgnoredProperties: e643bd26f0fe6173181afceb89e7c659 -> 
  custom:container-demuxer-ogg: 62fdf1f143b41e24485cea50d1cbac27 -> 
  custom:AudioImporter_EditorPlatform: d09bf68614088b80899f8185d706f6e7 -> 
  custom:video-codec-MediaFoundation-h265: 746d11721c4dcdbdad8f713fa42b33f4 -> 
  custom:scripting/monoscript/fileName/NpcManager.cs: 9f4326f993fd7d51a4d1a73853d4ba31 -> 
  custom:video-decoder-ogg-theora: a1e56fd34408186e4bbccfd4996cb3dc -> 
  custom:scripting/monoscript/fileName/UIWindow.cs: 7db82bcecb4b958f30aed5044bc64212 -> 0e7898ffba56fd4251696ffffdb4e820
  custom:framework-win-MediaFoundation: 216162199b28c13a410421893ffa2e32 -> 
  custom:scripting/monoscript/fileName/UIMiniMap.cs: aa15a4a572f78937c1fa26384619a3de -> 
  custom:video-encoder-webm-vp8: eb34c28f22e8b96e1ab97ce403110664 -> 
  custom:audio-decoder-ogg-vorbis: bf7c407c2cedff20999df2af8eb42d56 -> 
  custom:CustomObjectIndexerAttribute: 9a22284fe3817be447336de3de66b15e -> 
  custom:container-demuxer-webm: 4f35f7cbe854078d1ac9338744f61a02 -> 
  custom:scripting/monoscript/fileName/TestManager.cs: e35120e74bab4bced52d717ecbc68775 -> 
  custom:audio-encoder-webm-vorbis: bf7c407c2cedff20999df2af8eb42d56 -> 
  custom:container-muxer-webm: aa71ff27fc2769a1b78a27578f13a17b -> 
  custom:scripting/monoscript/fileName/GameObjectManager.cs: 9d28bc19d4b44a5e0f0e05ca4ef15caa -> 5b6bf09c65110f6e9277a06c37dc6b07
========================================================================
Received Prepare
Caller must complete domain reload
Begin MonoManager ReloadAssembly
Duplicate assembly 'log4net.dll' with different versions detected, using 'Assets/References/log4net.dll, AssemblyName=log4net, Version=2.0.8.0, Culture=neutral, PublicKeyToken=null' and ignoring 'Packages/com.unity.collab-proxy/Lib/Editor/PlasticSCM/log4netPlastic.dll, AssemblyName=log4net, Version=1.2.15.0, Culture=neutral, PublicKeyToken=669e0ddf0bb1aa2a'.Duplicate assembly 'Newtonsoft.Json.dll' with different versions detected, using 'Packages/com.unity.nuget.newtonsoft-json/Runtime/Newtonsoft.Json.dll, AssemblyName=Newtonsoft.Json, Version=13.0.0.0, Culture=neutral, PublicKeyToken=30ad4fe6b2a6aeed' and ignoring 'Assets/JsonDotNet/Assemblies/Standalone/Newtonsoft.Json.dll, AssemblyName=Newtonsoft.Json, Version=8.0.0.0, Culture=neutral, PublicKeyToken=null'.Symbol file LoadedFromMemory is not a mono symbol file
Symbol file LoadedFromMemory is not a mono symbol file
Symbol file LoadedFromMemory is not a mono symbol file
- Loaded All Assemblies, in  0.388 seconds
Native extension for WindowsStandalone target not found
[Package Manager] Server::EnsureServerProcessIsRunning -- launch failed, reason: Unity was launched with the -noUpm command-line argument
[Package Manager] UpmClient::Send -- Unable to send message (not connected to UPM process).
[Package Manager] Cannot connect to Unity Package Manager local server
Mono: successfully reloaded assembly
- Finished resetting the current domain, in  0.785 seconds
Domain Reload Profiling: 1171ms
	BeginReloadAssembly (119ms)
		ExecutionOrderSort (0ms)
		DisableScriptedObjects (5ms)
		BackupInstance (0ms)
		ReleaseScriptingObjects (0ms)
		CreateAndSetChildDomain (33ms)
	RebuildCommonClasses (25ms)
	RebuildNativeTypeToScriptingClass (9ms)
	initialDomainReloadingComplete (26ms)
	LoadAllAssembliesAndSetupDomain (206ms)
		LoadAssemblies (244ms)
		RebuildTransferFunctionScriptingTraits (0ms)
		AnalyzeDomain (18ms)
			TypeCache.Refresh (10ms)
				TypeCache.ScanAssembly (3ms)
			ScanForSourceGeneratedMonoScriptInfo (5ms)
			ResolveRequiredComponents (2ms)
	FinalizeReload (786ms)
		ReleaseScriptCaches (0ms)
		RebuildScriptCaches (0ms)
		SetupLoadedEditorAssemblies (503ms)
			LogAssemblyErrors (0ms)
			InitializePlatformSupportModulesInManaged (5ms)
			SetLoadedEditorAssemblies (4ms)
			RefreshPlugins (0ms)
			BeforeProcessingInitializeOnLoad (73ms)
			ProcessInitializeOnLoadAttributes (300ms)
			ProcessInitializeOnLoadMethodAttributes (115ms)
			AfterProcessingInitializeOnLoad (5ms)
			EditorAssembliesLoaded (0ms)
		ExecutionOrderSort2 (0ms)
		AwakeInstancesAfterBackupRestoration (8ms)
Refreshing native plugins compatible for Editor in 10.22 ms, found 2 plugins.
Preloading 0 native plugins for Editor in 0.00 ms.
Unloading 2567 Unused Serialized files (Serialized files now loaded: 0)
Unloading 16 unused Assets / (28.7 KB). Loaded Objects now: 3277.
Memory consumption went from 130.2 MB to 130.2 MB.
Total: 5.854500 ms (FindLiveObjects: 0.230300 ms CreateObjectMapping: 0.105000 ms MarkObjects: 5.475000 ms  DeleteObjects: 0.043400 ms)

Prepare: number of updated asset objects reloaded= 0
AssetImportParameters requested are different than current active one (requested -> active):
  custom:video-decoder-webm-vp8: 9c59270c3fd7afecdb556c50c9e8de78 -> 
  custom:SearchIndexIgnoredProperties: e643bd26f0fe6173181afceb89e7c659 -> 
  custom:container-demuxer-ogg: 62fdf1f143b41e24485cea50d1cbac27 -> 
  custom:AudioImporter_EditorPlatform: d09bf68614088b80899f8185d706f6e7 -> 
  custom:video-codec-MediaFoundation-h265: 746d11721c4dcdbdad8f713fa42b33f4 -> 
  custom:scripting/monoscript/fileName/NpcManager.cs: 9f4326f993fd7d51a4d1a73853d4ba31 -> 
  custom:video-decoder-ogg-theora: a1e56fd34408186e4bbccfd4996cb3dc -> 
  custom:scripting/monoscript/fileName/UIWindow.cs: 7db82bcecb4b958f30aed5044bc64212 -> 0e7898ffba56fd4251696ffffdb4e820
  custom:framework-win-MediaFoundation: 216162199b28c13a410421893ffa2e32 -> 
  custom:scripting/monoscript/fileName/UIMiniMap.cs: aa15a4a572f78937c1fa26384619a3de -> 
  custom:video-encoder-webm-vp8: eb34c28f22e8b96e1ab97ce403110664 -> 
  custom:audio-decoder-ogg-vorbis: bf7c407c2cedff20999df2af8eb42d56 -> 
  custom:CustomObjectIndexerAttribute: 9a22284fe3817be447336de3de66b15e -> 
  custom:container-demuxer-webm: 4f35f7cbe854078d1ac9338744f61a02 -> 
  custom:scripting/monoscript/fileName/TestManager.cs: e35120e74bab4bced52d717ecbc68775 -> 
  custom:audio-encoder-webm-vorbis: bf7c407c2cedff20999df2af8eb42d56 -> 
  custom:container-muxer-webm: aa71ff27fc2769a1b78a27578f13a17b -> 
  custom:scripting/monoscript/fileName/GameObjectManager.cs: 9d28bc19d4b44a5e0f0e05ca4ef15caa -> 5b6bf09c65110f6e9277a06c37dc6b07
========================================================================
Received Prepare
Caller must complete domain reload
Begin MonoManager ReloadAssembly
Duplicate assembly 'log4net.dll' with different versions detected, using 'Assets/References/log4net.dll, AssemblyName=log4net, Version=2.0.8.0, Culture=neutral, PublicKeyToken=null' and ignoring 'Packages/com.unity.collab-proxy/Lib/Editor/PlasticSCM/log4netPlastic.dll, AssemblyName=log4net, Version=1.2.15.0, Culture=neutral, PublicKeyToken=669e0ddf0bb1aa2a'.Duplicate assembly 'Newtonsoft.Json.dll' with different versions detected, using 'Packages/com.unity.nuget.newtonsoft-json/Runtime/Newtonsoft.Json.dll, AssemblyName=Newtonsoft.Json, Version=13.0.0.0, Culture=neutral, PublicKeyToken=30ad4fe6b2a6aeed' and ignoring 'Assets/JsonDotNet/Assemblies/Standalone/Newtonsoft.Json.dll, AssemblyName=Newtonsoft.Json, Version=8.0.0.0, Culture=neutral, PublicKeyToken=null'.Symbol file LoadedFromMemory is not a mono symbol file
Symbol file LoadedFromMemory is not a mono symbol file
Symbol file LoadedFromMemory is not a mono symbol file
- Loaded All Assemblies, in  0.394 seconds
Native extension for WindowsStandalone target not found
[Package Manager] Server::EnsureServerProcessIsRunning -- launch failed, reason: Unity was launched with the -noUpm command-line argument
[Package Manager] UpmClient::Send -- Unable to send message (not connected to UPM process).
[Package Manager] Cannot connect to Unity Package Manager local server
Mono: successfully reloaded assembly
- Finished resetting the current domain, in  0.779 seconds
Domain Reload Profiling: 1170ms
	BeginReloadAssembly (126ms)
		ExecutionOrderSort (0ms)
		DisableScriptedObjects (4ms)
		BackupInstance (0ms)
		ReleaseScriptingObjects (0ms)
		CreateAndSetChildDomain (35ms)
	RebuildCommonClasses (22ms)
	RebuildNativeTypeToScriptingClass (7ms)
	initialDomainReloadingComplete (26ms)
	LoadAllAssembliesAndSetupDomain (210ms)
		LoadAssemblies (251ms)
		RebuildTransferFunctionScriptingTraits (0ms)
		AnalyzeDomain (20ms)
			TypeCache.Refresh (10ms)
				TypeCache.ScanAssembly (3ms)
			ScanForSourceGeneratedMonoScriptInfo (6ms)
			ResolveRequiredComponents (3ms)
	FinalizeReload (779ms)
		ReleaseScriptCaches (0ms)
		RebuildScriptCaches (0ms)
		SetupLoadedEditorAssemblies (507ms)
			LogAssemblyErrors (0ms)
			InitializePlatformSupportModulesInManaged (5ms)
			SetLoadedEditorAssemblies (4ms)
			RefreshPlugins (0ms)
			BeforeProcessingInitializeOnLoad (72ms)
			ProcessInitializeOnLoadAttributes (299ms)
			ProcessInitializeOnLoadMethodAttributes (119ms)
			AfterProcessingInitializeOnLoad (6ms)
			EditorAssembliesLoaded (0ms)
		ExecutionOrderSort2 (0ms)
		AwakeInstancesAfterBackupRestoration (8ms)
Refreshing native plugins compatible for Editor in 9.37 ms, found 2 plugins.
Preloading 0 native plugins for Editor in 0.00 ms.
Unloading 2567 Unused Serialized files (Serialized files now loaded: 0)
Unloading 16 unused Assets / (28.7 KB). Loaded Objects now: 3280.
Memory consumption went from 130.2 MB to 130.2 MB.
Total: 6.626300 ms (FindLiveObjects: 0.296500 ms CreateObjectMapping: 0.086800 ms MarkObjects: 6.203700 ms  DeleteObjects: 0.038700 ms)

Prepare: number of updated asset objects reloaded= 0
AssetImportParameters requested are different than current active one (requested -> active):
  custom:video-decoder-webm-vp8: 9c59270c3fd7afecdb556c50c9e8de78 -> 
  custom:SearchIndexIgnoredProperties: e643bd26f0fe6173181afceb89e7c659 -> 
  custom:container-demuxer-ogg: 62fdf1f143b41e24485cea50d1cbac27 -> 
  custom:AudioImporter_EditorPlatform: d09bf68614088b80899f8185d706f6e7 -> 
  custom:video-codec-MediaFoundation-h265: 746d11721c4dcdbdad8f713fa42b33f4 -> 
  custom:scripting/monoscript/fileName/NpcManager.cs: 9f4326f993fd7d51a4d1a73853d4ba31 -> 
  custom:video-decoder-ogg-theora: a1e56fd34408186e4bbccfd4996cb3dc -> 
  custom:scripting/monoscript/fileName/UIWindow.cs: 7db82bcecb4b958f30aed5044bc64212 -> 0e7898ffba56fd4251696ffffdb4e820
  custom:framework-win-MediaFoundation: 216162199b28c13a410421893ffa2e32 -> 
  custom:scripting/monoscript/fileName/UIMiniMap.cs: aa15a4a572f78937c1fa26384619a3de -> 
  custom:video-encoder-webm-vp8: eb34c28f22e8b96e1ab97ce403110664 -> 
  custom:audio-decoder-ogg-vorbis: bf7c407c2cedff20999df2af8eb42d56 -> 
  custom:CustomObjectIndexerAttribute: 9a22284fe3817be447336de3de66b15e -> 
  custom:container-demuxer-webm: 4f35f7cbe854078d1ac9338744f61a02 -> 
  custom:scripting/monoscript/fileName/TestManager.cs: e35120e74bab4bced52d717ecbc68775 -> 
  custom:audio-encoder-webm-vorbis: bf7c407c2cedff20999df2af8eb42d56 -> 
  custom:container-muxer-webm: aa71ff27fc2769a1b78a27578f13a17b -> 
  custom:scripting/monoscript/fileName/GameObjectManager.cs: 9d28bc19d4b44a5e0f0e05ca4ef15caa -> 5b6bf09c65110f6e9277a06c37dc6b07
